Transaction Number,Fuel Quantity,Gross Price,Full Address,Date & Time,Fuel Type,Site Name,Site ID,VIN,Vehicle ID
178,48.554,3.48,"6150 10-Mile Str, Lynchburg, OH ",2024-10-02 12:47:04,LNG,WalMart,dfdld,AYZGEL0ICODYXE1U5,28122617
538,34.52719,2.77,"4651 Ludlow Lane, Zanesville, OH 43701",2024-10-02 08:02:20,liquid natural gas,Sunoco,62000,XA21J4WUPDLRXNDFL,11115131
579,51.24431,3.70,"3318 Beech Parkway, Williamsburg, OH ",2024-10-02 12:11:35,kerosene,WalMart,demem,5S1QUMOG1RUA1CUSG,11151111
1039,47.15097,3.07,"43251 OH,  Columbus, 9192 Beech Court, ",2024-10-02 03:46:47,kerosene,Love's,ebcjc,Q1F3L5V8DRWJL1216,11144445
1059,29.6,1.90,"4393 SR 222 Parkwy, Batavia, OH ",2024-10-02 04:10:12,diesel,Flying J,12745,JVAE6ZC5RKBZWJLKO,82552173
1217,24.46,2.34,"5554 Summit Ave, Cambridge, OH 43725",2024-10-02 12:25:01,methanol,Sunoco,12300,SERKDJS7TMWD5RXAN,24134814
1526,22.19119,3.14,"9270 Alabatross pkwy, Franklin, OH 45005",2024-10-02 05:39:30,biodiesel,WalMart,gikdd,PD1VQBBP8G6BP0T9X,46114327
1659,26.78072,2.17,"43291 OH,  Columbus, 6335 Summit Parkway, ",2024-10-02 04:11:54,liquid natural gas,Marathon,eegfe,UOZCYSBDR2S7Z3T9Y,22527183
1927,33.608,4.06,"691 Clough Str, Batavia, OH ",2024-10-02 03:38:26,biodiesel,WalMart,mdmmj,D41IZSN7WAAUO3LMR,18131172
2450,16.425,3.12,"6666 Linderwood Street, Franklin, OH 45005",2024-10-02 11:08:22,liquefied natural gas,Bucky's,yywyw,OQH8NWV49CKI6BF35,51111111
2830,48.97393,2.09,"9980 Royal Oak St, Cincinnati, OH 45274",2024-10-02 08:49:02,liquefied natural gas,Sunoco,47201,8VQK5ISACCJB8ZDFT,81413426
2959,26.0383,2.90,"593 Nagel Court, Clifton, OH ",2024-10-02 05:58:47,liquid natural gas,Sunoco,32011,266AM2ZFZUKL98A3S,51436141
3235,22.47077,2.04,"2586 Forest Court, Franklin, OH 45005",2024-10-02 03:14:56,ethanol,Flying J,52856,JO8XDKK9R1ZVL2VKM,11316111
3698,42.1057,3.87,"6762 Laval St, Dayton, OH 45433",2024-10-02 10:07:46,liquified natural gas,Sunoco,14611,1NMSZ3R1RZ1CPNI5M,22831228
3747,13.243,2.99,"9220 Nagel Str, Clifton, OH ",2024-10-02 12:47:04,lng,Sunoco,12300,AYZGEL0ICODYXE1U5,28122617
3778,14.278,3.54,"43240 OH,  Columbus, 1687 Dutch Elm Parkwy, ",2024-10-02 09:47:05,gas,Love's,bcdch,3KOYBJSS1XR133JCW,11111112
3886,46.0748,3.51,"7443 5-Mile Avenue, Cincinnati, OH 45247",2024-10-02 10:18:55,methanol,Flying J,15346,HZD54ADSAPATUTH8R,11161111
4468,52.98,3.42,"4026 Oak Parkwy, Bethel, OH ",2024-10-02 07:02:50,lng,Bucky's,vxyxw,4F3TNEITNTUNWP6EE,46621321
4825,53.33,2.30,"413 Connector Parkway, Dayton, OH 45448",2024-10-02 03:05:42,kerosene,Flying J,54386,XWW2PUSGAU24IWASC,11111818
4849,18.712,2.96,"255 Spring Grove Str, Cincinnati, OH 45254",2024-10-02 09:43:26,biodiesel,Speedway,ahaa,3TPHZYA7H1HFVXY1F,41117111
4933,44.152,3.31,"3381 Forest St, Cincinnati, OH 67231",2024-10-02 12:18:37,liquid natural gas,WalMart,ljedk,4JV6ELJUCVYZ8SQ6J,13111117
4938,4.5,2.67,"6440 Third Ave, Bethel, OH ",2024-10-02 03:43:18,gas,Marathon,gegff,PZVMI6U18R22B5C1C,11111114
4948,42.3076,2.56,"6475 Clifton pkwy, Zanesville, OH 43702",2024-10-02 09:41:58,LNG,Marathon,eefgf,SERKDJS7TMWD5RXAN,24134814
5229,52.968,4.07,"5638 Miller Road, Tipp City, OH 45371",2024-10-02 12:35:41,liquefied natural gas,WalMart,diikj,T8CL7OVREV8LDODQO,72131665
5743,12.599,3.08,"8712 George Parkway, Cleveland, OH ",2024-10-02 11:18:20,liquified natural gas,Bucky's,ayyyx,5UVGQCZ2GA6AAQW64,13117111
5802,51.4155,2.84,"4697 Lindenwood Ave, Tipp City, OH 45371",2024-10-02 10:31:45,gas,Bucky's,ayyxx,0A5SHT1QRAK1HMWMS,11511411
5926,35.0796,2.16,"9921 10-Mile Str, Clifton, OH ",2024-10-02 12:14:57,LNG,Sunoco,16010,81XN9NX3E0TZ7IGAA,81111118
6058,41.47484,2.00,"3707 ForestTop Avenue, Lynchburg, OH ",2024-10-02 10:17:59,kerosene,Bucky's,axwxw,3MRLMC32O5JURWAP9,15111111
6109,14.7819,3.36,"2184 Cougar Ave, Cambridge, OH 43725",2024-10-02 04:32:27,biodiesel,Marathon,fgfeg,AZOIWCNHOK6CT8WAL,21171111
6496,8.018,2.64,"9282 Linderwood Ave, Tipp City, OH 45371",2024-10-02 10:11:08,ethanol,Love's,bbdfo,TWN5QXB2A681TA05X,26831877
7245,41.1985,3.86,"9236 Miller Lane, Tipp City, OH 45371",2024-10-02 05:55:13,propane,Marathon,efgfg,1QWKWQLBZRSFHG5M8,12158317
7319,42.91332,3.99,"43202 OH,  Columbus, 972 Alabatross Court, ",2024-10-02 03:28:57,liquified natural gas,Bucky's,bwwww,900HZ8CECPSJHMQ6V,34113111
7414,10.58,3.24,"5052 SR 125 Ave, Williamsburg, OH ",2024-10-02 10:31:30,lng,Bucky's,wwwww,48NY21B4TGCXNR8GU,11118111
7524,48.47,3.42,"6560 Kellogg pkwy, Dayton, OH 45415",2024-10-02 07:50:30,liquid natural gas,Speedway,qqga,LY5H6KMYCGA5HJZGW,18828571
8337,41.6211,3.01,"559 10-Mile St, Tipp City, OH 45371",2024-10-02 10:28:56,kerosene,Love's,wcdlc,869EB8UU72JNV56SX,48142222
8801,20.201,3.30,"3936 Ludlow Court, Bethel, OH ",2024-10-02 08:34:24,lng,Sunoco,82401,PQQ10ZGCWGTYF8DY6,11867171
9136,24.6,2.86,"4192 Spooner Avenue, Zanesville, OH 43702",2024-10-02 10:18:55,liquified natural gas,Bucky's,dxyyw,HZD54ADSAPATUTH8R,11161111
9328,15.604,2.48,"2344 Daylight Street, Dayton, OH 45424",2024-10-02 11:32:51,gas,Bucky's,iwwxx,QFE8MBOTIRJSAY1L6,16673316
9416,18.921,2.50,"6222 Oaklahoma pkwy, Bethel, OH ",2024-10-02 05:16:05,LNG,Marathon,ggeeg,ONZIQY1QVDBCHD89V,71138171
9606,4.74,3.50,"2141 George Street, Dayton, OH 45402",2024-10-02 07:49:16,methanol,Love's,xccqc,JOUDMZ82HUZ8EC222,87411481
10289,31.9171,3.83,"9718 Laval Road, Williamsburg, OH ",2024-10-02 08:12:38,LNG,Speedway,iqaa,FWLJHK4DYVORECQDY,31356421
10376,36.184,3.99,"944 WindingWay Road, Franklin, OH 45005",2024-10-02 11:48:03,diesel,Flying J,13345,2Y8HYA7UV5F3TCX7T,21616146
10884,31.07,2.34,"1708 SummitRidge Court, Batavia, OH ",2024-10-02 12:14:08,diesel,WalMart,mdjdd,RGDEBTJ54QMWRJHAG,63783881
11731,10.59178,2.52,"7319 Sunrise Str, Cambridge, OH 43725",2024-10-02 05:11:36,methanol,Speedway,naoa,7IKQIHZ8J06IJF5WZ,11111166
11784,39.6904,3.80,"2310 MountainCrest St, Batavia, OH ",2024-10-02 11:40:44,methanol,Speedway,ahaa,0F009TCP0PYQ0AVXU,11111121
12032,10.05628,2.36,"9327 Elm Parkwy, Williamsburg, OH ",2024-10-02 06:09:09,gas,Marathon,ffeee,C13BEVGLCDNNQTC31,62171137
12124,23.578,3.62,"1459 Main Str, Tipp City, OH 45371",2024-10-02 07:07:32,diesel,Bucky's,axxyw,D6IJ22VT2255RXLXS,88186174
12767,15.3771,3.62,"8566 Stonehill Parkway, Clifton, OH ",2024-10-02 05:46:51,lng,Sunoco,17100,PQV0SVINTL6ZTT21A,11116115
12977,40.32,1.95,"1510 Main Ave, Cleveland, OH ",2024-10-02 04:41:01,biodiesel,Marathon,gfeee,00B2UYQSRZ12JDGD9,11117211
13273,3.51218,3.67,"1954 Spring Grove pkwy, Williamsburg, OH ",2024-10-02 12:39:20,LNG,Speedway,cwaa,L5E80KST3W0MEGIEN,62188151
13694,26.534,2.87,"7883 Lindenwood Court, Cincinnati, OH 45249",2024-10-02 03:05:42,diesel,Love's,bbccg,XWW2PUSGAU24IWASC,11111818
14241,30.3475,3.19,"1075 Vine Avenue, Tipp City, OH 45371",2024-10-02 04:16:25,liquified natural gas,Bucky's,awxwx,BG2TCJD6TT1667ZZX,82115163
14598,17.6988,2.94,"9159 Elm Parkway, Cambridge, OH 43725",2024-10-02 09:44:48,liquefied natural gas,WalMart,deddi,ZYA2IOZYDS4QGJA9G,67134181
14956,52.01553,2.75,"4324 Miller St, Cambridge, OH 43725",2024-10-02 07:22:40,diesel,Marathon,fefgg,RNRLTEHQ4USZ1JR7J,11121171
15188,42.72,3.17,"8071 Second Court, Cleveland, OH ",2024-10-02 09:14:02,biodiesel,Sunoco,23201,4NINZSQCL9IUPKZ3Y,17333116
15411,27.886,1.96,"2131 SR 222 Avenue, Cambridge, OH 43725",2024-10-02 05:11:36,gas,Love's,obdxi,7IKQIHZ8J06IJF5WZ,11111166
15660,49.04,3.12,"43212 OH,  Columbus, 2878 Daylight Road, ",2024-10-02 12:02:41,lng,Bucky's,awwyw,J93GQ1WWGFJBMODXY,11416331
16429,27.282,4.03,"1127 Fox Road, Dayton, OH 45407",2024-10-02 07:12:25,diesel,WalMart,dkddd,UMEB6FIQZTP48YKTN,51771525
16826,49.622,2.62,"4397 Vine Avenue, Clifton, OH ",2024-10-02 05:19:30,liquified natural gas,Bucky's,awwxx,1H5G1KDSK8XHSR9Z9,31211111
16923,41.689,2.63,"1932 Beechmont Lane, Williamsburg, OH ",2024-10-02 04:12:45,LNG,WalMart,ddddl,Q6OYX04A3GAWZU5SM,51351148
16938,44.992,3.93,"8071 Second Court, Cleveland, OH ",2024-10-02 12:06:06,liquefied natural gas,Sunoco,23201,HL315FP22H660J1PW,18181518
16945,38.06,2.51,"5282 Contempo Lane, Franklin, OH 45005",2024-10-02 07:03:53,ethanol,Bucky's,owwww,ADAWMK8VM8ZMGAUCU,87413586
17148,5.26,2.07,"6638 Pretzel Str, Clifton, OH ",2024-10-02 07:36:17,propane,Sunoco,18800,0DBDSAE0W4O40ISKZ,13611312
17208,38.236,2.39,"8095 Daylight Lane, Bethel, OH ",2024-10-02 09:01:04,biodiesel,Marathon,gegeg,V49UKF3OOZ9YCPE0C,81118244
17329,11.80493,3.48,"6183 SR 222 Parkwy, Cambridge, OH 43725",2024-10-02 05:40:48,ethanol,Speedway,aamw,9WR492L07GMHJLRFL,63147814
17595,7.61,2.17,"3654 Royal Oak Parkway, Lynchburg, OH ",2024-10-02 11:29:19,kerosene,Marathon,gffee,AISPYUITCWWO1Q6F8,63461878
18088,13.274,2.37,"327 SR 222 Parkway, Tipp City, OH 45371",2024-10-02 12:39:20,lng,WalMart,flidl,L5E80KST3W0MEGIEN,62188151
18384,45.648,3.90,"3654 Royal Oak Parkway, Lynchburg, OH ",2024-10-02 08:12:38,diesel,Marathon,gffee,FWLJHK4DYVORECQDY,31356421
18402,49.1163,2.11,"3516 Kemper pkwy, Circleville, OH ",2024-10-02 03:28:48,biodiesel,Sunoco,15300,5K07KL96VTJ3NRQ5J,51487845
18693,5.58984,3.00,"2173 Brandonmere Parkwy, Franklin, OH 45005",2024-10-02 10:07:41,liquefied natural gas,Flying J,24358,ZXHB1RC5C37N8T27R,84561181
19269,46.89,3.27,"4026 Oak Parkwy, Bethel, OH ",2024-10-02 07:10:09,kerosene,Bucky's,vxyxw,QIA2YNJ4ENVN9Z40I,17516111
19782,51.5457,3.51,"9804 Forest Hill Parkway, Cincinnati, OH 45205",2024-10-02 06:43:03,gas,Speedway,naaa,HHR80V0W7G98GA1E5,11131811
19843,50.12632,2.68,"8831 Beechmont pkwy, Tipp City, OH 45371",2024-10-02 04:05:28,liquified natural gas,WalMart,ddlfk,I3K5L8FKHYOWDT1DI,17653388
20309,9.986,3.41,"6233 Main Parkway, Cleveland, OH ",2024-10-02 12:02:20,liquefied natural gas,WalMart,ihgdd,W1QABEEUSIZD29JSE,11111181
21026,2.96239,3.09,"2176 Second Str, Circleville, OH ",2024-10-02 09:58:57,propane,WalMart,dddfg,D1NIV6142VSZX90H4,11127111
21475,26.582,3.72,"2516 Nordyke Str, Bethel, OH ",2024-10-02 12:14:57,gas,Flying J,45845,81XN9NX3E0TZ7IGAA,81111118
21813,37.93365,4.04,"306 George Court, Franklin, OH 45005",2024-10-02 08:48:04,kerosene,Bucky's,awwyw,CACQ3BFEDPTX0EF6Z,35415678
22274,6.63497,2.88,"900 10-Mile Street, Lynchburg, OH ",2024-10-02 12:25:01,propane,Flying J,32345,SERKDJS7TMWD5RXAN,24134814
22334,17.56796,2.46,"6368 Summit Parkwy, Cleveland, OH ",2024-10-02 12:10:16,kerosene,Flying J,68378,6COZN9NZS5IKTXU6G,38114211
22431,6.22,4.10,"2184 Cougar Ave, Cambridge, OH 43725",2024-10-02 05:52:31,biodiesel,Marathon,fgfeg,OQH8NWV49CKI6BF35,51111111
22714,13.936,3.81,"2138 Forest Crest Avenue, Tipp City, OH 45371",2024-10-02 04:15:39,propane,Bucky's,kwwww,L34Y7X40C1NQSLCR1,52826816
23314,15.52263,3.83,"2735 Fox St, Franklin, OH 45005",2024-10-02 06:56:33,liquified natural gas,Speedway,asaa,Y5JTGV4FK30M9OURN,21567182
23577,52.69,3.12,"591 Ludlow Ave, Williamsburg, OH ",2024-10-02 05:17:33,ethanol,WalMart,djddd,KRJ3FYH7YK6Y3Q40L,71111113
23620,11.45935,3.16,"5987 Loreli pkwy, Cincinnati, OH 45216",2024-10-02 12:51:12,diesel,Sunoco,12600,Y59T7460MF1ODWK5D,11183113
23761,47.34,2.49,"43211 OH,  Columbus, 8133 Lindenwood Parkway, ",2024-10-02 06:14:14,liquid natural gas,Marathon,eeege,R2DHLVK9ON4F28XY7,11111115
24171,5.18774,3.72,"3780 Forest Crest Street, Zanesville, OH 43701",2024-10-02 08:11:55,methanol,Speedway,aaga,REAAVO6VU4RLFZRPU,44152875
24302,54.811,2.59,"7711 Summit Ave, Circleville, OH ",2024-10-02 03:23:05,biodiesel,WalMart,ddddg,D26JTTZ1ZYT9O1ATN,34614161
24952,34.4,3.18,"9629 Elm pkwy, Franklin, OH 45005",2024-10-02 08:22:27,lng,Marathon,egeee,PZVMI6U18R22B5C1C,11111114
24974,49.113,3.78,"2173 Brandonmere Parkwy, Franklin, OH 45005",2024-10-02 11:09:12,biodiesel,Flying J,24358,0KYIWF78PELT42P13,11311374
25064,21.921,3.72,"4693 George Ave, Cincinnati, OH 45273",2024-10-02 12:09:09,kerosene,Sunoco,12010,SZ4FQYP60YSPJBNF5,15334681
25150,23.4919,2.29,"5638 Miller Road, Tipp City, OH 45371",2024-10-02 04:26:18,propane,WalMart,diikj,Q6OYX04A3GAWZU5SM,51351148
25349,49.67,3.90,"43215 OH,  Columbus, 4250 SR 125 Parkwy, ",2024-10-02 11:10:56,methanol,WalMart,edhmd,CKLEXTPCRQ8COLKWM,13121111
25765,7.6557,2.23,"1205 Elm Parkway, Williamsburg, OH ",2024-10-02 11:49:55,liquefied natural gas,Bucky's,awxww,GGEPNDGB4VMXCLQZR,73113381
26044,53.27223,3.02,"8265 Royal Oak Str, Lynchburg, OH ",2024-10-02 03:30:30,propane,Sunoco,17000,01TE2Z5B9A93T5Q9W,42868511
26052,49.4062,2.37,"8100 8-Mile Street, Williamsburg, OH ",2024-10-02 06:41:47,lng,Flying J,33655,WJW3JOEYNHZBM56EF,81868615
26492,52.40309,3.21,"3481 Kemper Avenue, Circleville, OH ",2024-10-02 03:14:39,LNG,Bucky's,aywxw,TXCOEH8CJYYHQHP0A,88281111
26504,29.029,3.73,"7821 Kellogg Street, Cambridge, OH 43725",2024-10-02 08:32:17,methanol,Love's,bcdcg,GGKUAIMF0CAQDL4K9,72715426
26636,12.17,2.03,"6762 Laval St, Dayton, OH 45433",2024-10-02 09:43:26,liquified natural gas,Sunoco,14611,3TPHZYA7H1HFVXY1F,41117111
26830,11.4788,2.00,"5579 Wayfair St, Cleveland, OH ",2024-10-02 09:33:23,methanol,WalMart,ddddj,SET6U3LYDKLVQZ7ZJ,11215155
27049,29.3147,3.40,"3511 Coyote Parkway, Cambridge, OH 43725",2024-10-02 10:07:41,kerosene,Marathon,gefee,ZXHB1RC5C37N8T27R,84561181
27190,50.559,2.95,"7303 Forest Hill Court, Lynchburg, OH ",2024-10-02 11:18:28,propane,WalMart,dfegd,WFRWYMQCE9W6AWW8F,18654371
27397,20.87,2.60,"2834 Alabatross Lane, Tipp City, OH 45371",2024-10-02 11:41:33,liquid natural gas,Speedway,ceea,SGT5WM8EM3CUTITUF,82328117
27430,22.2034,2.71,"6576 Second pkwy, Cleveland, OH ",2024-10-02 05:13:33,liquified natural gas,Sunoco,72000,VFF6HKGYWLXD9HXVB,51821111
27527,20.6,2.96,"6281 Pretzel Road, Clifton, OH ",2024-10-02 12:41:50,biodiesel,Love's,bbdcc,UDUKHSAUAQ4I0B41K,15325151
28116,7.49392,3.53,"414 SR 222 Avenue, Clifton, OH ",2024-10-02 06:05:45,liquid natural gas,Bucky's,axxyw,J6FVAM2CH4DJ0TC2D,71116111
28278,36.908,2.88,"43202 OH,  Columbus, 972 Alabatross Court, ",2024-10-02 03:12:46,methanol,Bucky's,bwwww,RNRLTEHQ4USZ1JR7J,11121171
28592,45.6487,3.77,"2437 Elm Str, Lynchburg, OH ",2024-10-02 10:12:10,liquefied natural gas,Bucky's,cywyx,RBYWK1ZSL12OXEJ5L,15311811
29389,7.157,3.76,"3616 Second Parkway, Batavia, OH ",2024-10-02 10:24:14,biodiesel,Bucky's,owwyy,DYEMQXZT38RZBU612,18162158
29635,25.0699,2.17,"7310 Lindenwood St, Zanesville, OH 43701",2024-10-02 10:00:32,methanol,Speedway,aaay,UMIIOB4JR95YQGL0G,11111881
29665,18.537,3.45,"5042 Lindenwood Court, Cleveland, OH ",2024-10-02 09:07:18,lng,Love's,jbcgc,CZ3OT504FT81PJ9WF,38535131
30129,45.80392,2.18,"993 Dutch Elm Avenue, Bethel, OH ",2024-10-02 08:42:27,liquified natural gas,WalMart,imjjd,ZWQNRJ9W7BMOB70QG,16111381
30135,32.44,3.84,"792 Forest Ave, Clifton, OH ",2024-10-02 06:57:11,ethanol,Speedway,uasq,0CB7LPZYJ1BLLJD2X,51181116
30214,41.1607,3.06,"7324 Cougar Ave, Cambridge, OH 43725",2024-10-02 10:07:46,diesel,Love's,dbccc,1NMSZ3R1RZ1CPNI5M,22831228
30259,11.94,1.97,"1459 Main Str, Tipp City, OH 45371",2024-10-02 09:47:05,methanol,Bucky's,axxyw,3KOYBJSS1XR133JCW,11111112
30503,12.82,2.03,"43265 OH,  Columbus, 3232 Sunrise pkwy, ",2024-10-02 05:56:16,biodiesel,Sunoco,12010,MJWY4SBVNYIUFJNHE,21322755
30691,9.92816,2.88,"7275 Laval Court, Batavia, OH ",2024-10-02 04:34:23,propane,Love's,bbdcc,QL91E48KV2HTCIVDP,11158738
30769,46.06,3.81,"8605 Forest Ave, Tipp City, OH 45371",2024-10-02 08:30:42,liquified natural gas,Love's,occqq,PGUM7MFJIZABAESTD,87173217
31260,3.03,3.35,"6388 George pkwy, Cincinnati, OH 45277",2024-10-02 10:07:40,propane,Marathon,egefe,A49FD5L7OT3YR0ELY,11116111
31930,33.517,3.58,"3337 8-Mile St, Cincinnati, OH 45263",2024-10-02 05:45:13,lng,Marathon,egfee,TXCOEH8CJYYHQHP0A,88281111
32301,24.1261,3.43,"9892 Brandonmere Avenue, Cleveland, OH ",2024-10-02 04:10:12,LNG,WalMart,ddded,JVAE6ZC5RKBZWJLKO,82552173
32446,3.783,2.19,"8360 Forest Court, Cleveland, OH ",2024-10-02 11:24:53,lng,Speedway,aata,48NY21B4TGCXNR8GU,11118111
32766,51.2082,3.15,"6123 Main Parkwy, Circleville, OH ",2024-10-02 05:28:03,lng,Bucky's,mwwww,RL163QR5DH5MKB70V,55654711
32989,24.67212,2.53,"7457 Clifton St, Dayton, OH 45458",2024-10-02 11:15:43,LNG,Marathon,egefe,IT19R4PJXUD1VIBVO,51112813
33026,31.3854,2.32,"6856 Clifton Avenue, Bethel, OH ",2024-10-02 11:34:30,gas,Bucky's,ayxwx,R9C47AXO8NM8XZMLH,11114151
33059,17.58,2.05,"1308 Connector Court, Bethel, OH ",2024-10-02 11:49:55,ethanol,Marathon,egeee,GGEPNDGB4VMXCLQZR,73113381
33109,4.4043,3.54,"6032 Plum Parkwy, Lynchburg, OH ",2024-10-02 08:42:27,diesel,Love's,xbcwc,ZWQNRJ9W7BMOB70QG,16111381
33307,37.13968,3.69,"8743 Beechmont Road, Zanesville, OH 43702",2024-10-02 09:33:23,diesel,Marathon,feeee,SET6U3LYDKLVQZ7ZJ,11215155
33581,18.38,2.61,"4324 Miller St, Cambridge, OH 43725",2024-10-02 12:30:55,gas,Marathon,fefgg,KP3VA5LJ7U8JX9VRW,18116112
33678,30.50472,2.07,"1760 Second St, Lynchburg, OH ",2024-10-02 04:52:07,kerosene,Sunoco,12810,64TJIPURNTDT0Y9JH,18711111
33976,40.2529,4.02,"515 Linderwood pkwy, Dayton, OH 45416",2024-10-02 04:43:57,liquid natural gas,Sunoco,62501,PX2UN7T6EGFU5CMT3,81111821
34153,54.6055,3.96,"9173 WindingWay Parkway, Clifton, OH ",2024-10-02 06:09:09,kerosene,Speedway,baaa,C13BEVGLCDNNQTC31,62171137
34467,14.74,2.20,"9637 MountainCrest Lane, Tipp City, OH 45371",2024-10-02 07:09:36,liquified natural gas,Bucky's,fwxww,UDUKHSAUAQ4I0B41K,15325151
34832,18.784,3.88,"8827 SummitRidge St, Franklin, OH 45005",2024-10-02 11:52:59,kerosene,WalMart,hlifd,PKN2ALYYP6KA4HWT9,11111211
34942,18.339,3.70,"9925 Elon Parkway, Franklin, OH 45005",2024-10-02 03:01:27,propane,Flying J,76848,B6RM4ZKZSRT35LUA8,14311311
35315,15.39875,2.10,"7324 Cougar Ave, Cambridge, OH 43725",2024-10-02 12:27:17,diesel,Love's,dbccc,Z5UPCBEOQFTCW8DY4,18111111
35458,41.4533,3.91,"43236 OH,  Columbus, 2496 Kellogg pkwy, ",2024-10-02 12:11:35,liquid natural gas,Bucky's,awwwy,5S1QUMOG1RUA1CUSG,11151111
35689,43.3636,3.26,"6168 Dutch Elm Street, Cambridge, OH 43725",2024-10-02 07:03:22,LNG,Bucky's,bwxww,YNI48QG59M50VEVN7,21111118
36011,38.8,3.38,"5638 Miller Road, Tipp City, OH 45371",2024-10-02 04:47:00,propane,WalMart,diikj,V49UKF3OOZ9YCPE0C,81118244
36122,24.12,2.62,"1256 Spring Grove Street, Circleville, OH ",2024-10-02 11:48:03,methanol,Flying J,12445,2Y8HYA7UV5F3TCX7T,21616146
36293,35.39473,2.90,"7287 8-Mile Lane, Franklin, OH 45005",2024-10-02 10:36:26,liquefied natural gas,Speedway,qahk,LVYR5E6XWTA2JOASW,87176551
37230,8.936,2.01,"5987 Loreli pkwy, Cincinnati, OH 45216",2024-10-02 06:09:02,propane,Sunoco,12600,YJB7MR5FAAWOIW5II,27117213
37318,10.7283,2.26,"6260 South Cross Lane, Zanesville, OH 43701",2024-10-02 10:31:30,lng,WalMart,feddk,48NY21B4TGCXNR8GU,11118111
37717,51.6598,1.99,"6103 Beech Parkway, Batavia, OH ",2024-10-02 08:41:15,ethanol,Marathon,eegef,4KZJ6APNZTD6S5SFF,13781211
37774,12.596,3.01,"9519 Lindenwood Street, Cleveland, OH ",2024-10-02 03:18:23,lng,Love's,bcdhc,S7YK12UHH51QVOR0W,62651573
37924,29.22,3.37,"1708 SummitRidge Court, Batavia, OH ",2024-10-02 06:01:32,LNG,WalMart,mdjdd,B2CP57D7601OKC5C6,11114116
38167,45.88,2.29,"1522 5-Mile Road, Lynchburg, OH ",2024-10-02 07:03:30,liquefied natural gas,Love's,gcccx,J93GQ1WWGFJBMODXY,11416331
38403,11.974,2.61,"9380 Nagel pkwy, Circleville, OH ",2024-10-02 05:12:46,diesel,Flying J,12385,PBI8BEBTGSVPTEVI6,18473576
38724,32.46,3.78,"3450 Miller Lane, Franklin, OH 45005",2024-10-02 07:49:16,kerosene,Speedway,aava,JOUDMZ82HUZ8EC222,87411481
39059,8.845,2.39,"5974 Nordyke St, Cincinnati, OH 45249",2024-10-02 03:13:03,LNG,Speedway,aamg,T5RXC9D62H3OOFV5G,84281111
39282,18.03365,3.07,"6102 Forest Crest Ave, Clifton, OH ",2024-10-02 10:48:02,gas,Flying J,12375,FFOYAC0B7J35CUZRZ,11111181
39460,54.39593,2.18,"43202 OH,  Columbus, 972 Alabatross Court, ",2024-10-02 08:30:42,LNG,Bucky's,bwwww,PGUM7MFJIZABAESTD,87173217
39750,28.999,2.32,"2740 Alabatross St, Circleville, OH ",2024-10-02 05:56:16,liquified natural gas,Flying J,62348,MJWY4SBVNYIUFJNHE,21322755
39767,24.451,3.64,"8608 SummitRidge Court, Cincinnati, OH 67233",2024-10-02 11:12:31,liquefied natural gas,Bucky's,wwyww,YWS53F49JIBC9HBBG,15442213
39968,11.06,2.08,"6173 Lindenwood pkwy, Cleveland, OH ",2024-10-02 11:13:38,ethanol,Bucky's,awxyw,KP3VA5LJ7U8JX9VRW,18116112
40071,3.67,3.29,"6345 Oaklahoma pkwy, Tipp City, OH 45371",2024-10-02 06:09:32,biodiesel,Speedway,daaa,NG2JO1Z5DTE4FAN9F,24288111
40333,44.4547,1.90,"8625 Dutch Elm Ave, Batavia, OH ",2024-10-02 12:05:28,ethanol,Marathon,efeee,VKGF807SSKSYR67T3,15784811
40404,41.7091,2.61,"6154 Forest Hill Str, Clifton, OH ",2024-10-02 11:32:51,biodiesel,Bucky's,gywyy,QFE8MBOTIRJSAY1L6,16673316
40410,12.144,3.02,"9981 Elm Parkwy, Batavia, OH ",2024-10-02 03:50:48,kerosene,Flying J,15745,REAAVO6VU4RLFZRPU,44152875
40675,47.9539,2.38,"6760 Spooner Parkway, Zanesville, OH 43701",2024-10-02 08:32:40,liquified natural gas,Love's,bcccc,AGZ7UYS2H529QCFCJ,17167711
40784,46.07,3.63,"8605 Forest Ave, Tipp City, OH 45371",2024-10-02 05:12:46,LNG,Love's,occqq,PBI8BEBTGSVPTEVI6,18473576
40858,12.86,2.24,"8924 Pretzel Ave, Clifton, OH ",2024-10-02 12:18:37,kerosene,Speedway,apag,4JV6ELJUCVYZ8SQ6J,13111117
41307,7.06,3.91,"57 Forest Hill Lane, Circleville, OH ",2024-10-02 07:29:36,liquified natural gas,Speedway,apap,055QQ51FN2891YMYS,18111455
41353,18.72902,3.84,"6926 Nagel Avenue, Franklin, OH 45005",2024-10-02 03:44:03,liquefied natural gas,WalMart,dmfme,NG2JO1Z5DTE4FAN9F,24288111
41555,25.77,3.29,"9682 Second Street, Circleville, OH ",2024-10-02 05:00:54,biodiesel,Flying J,52348,BWK97XR4AP11SUNUG,32668218
41716,30.17,2.20,"6596 Laval pkwy, Clifton, OH ",2024-10-02 04:34:23,ethanol,Love's,bbccg,QL91E48KV2HTCIVDP,11158738
41951,5.06879,3.80,"9151 Forest Hill Ave, Zanesville, OH 43702",2024-10-02 09:24:54,gas,Bucky's,axxyw,FUFEQO1480KGA59E9,67154111
42100,4.42,3.65,"9580 South Cross Avenue, Zanesville, OH 43702",2024-10-02 11:09:56,liquid natural gas,Flying J,76675,KOFCW23IARREBD5RG,16781221
42343,36.4842,2.50,"9702 Elm Street, Zanesville, OH 43702",2024-10-02 09:21:57,lng,Speedway,kqsa,RCRYVXGFK9YO6FHBW,11711111
42429,21.45,2.96,"3520 Coyote Str, Circleville, OH ",2024-10-02 11:09:56,propane,Marathon,fgfeg,KOFCW23IARREBD5RG,16781221
42735,29.42,3.74,"4211 WindingWay Court, Cambridge, OH 43725",2024-10-02 09:23:18,liquefied natural gas,WalMart,dmidd,5GQC9PR1UQRWBZAV6,11111181
43075,4.1434,4.00,"3397 Elon St, Lynchburg, OH ",2024-10-02 07:03:53,kerosene,WalMart,ddfdg,ADAWMK8VM8ZMGAUCU,87413586
43118,28.366,2.67,"6394 South Cross Ave, Batavia, OH ",2024-10-02 03:18:44,methanol,WalMart,ddjdd,L5E80KST3W0MEGIEN,62188151
43171,24.73257,2.70,"7514 SR 222 Avenue, Cambridge, OH 43725",2024-10-02 04:52:02,methanol,Speedway,aava,2WCCCTV9TC9II4BZC,17784157
43627,13.44,3.96,"7577 Pretzel Court, Bethel, OH ",2024-10-02 08:21:14,methanol,Speedway,bjac,PQQ10ZGCWGTYF8DY6,11867171
43714,5.856,2.09,"7552 Daylight Court, Dayton, OH 45439",2024-10-02 11:08:22,liquified natural gas,Speedway,yuwa,OQH8NWV49CKI6BF35,51111111
43727,31.94161,2.53,"2586 Forest Court, Franklin, OH 45005",2024-10-02 08:43:07,liquid natural gas,Flying J,52856,43J1U5YSB9M9X8BUB,11112111
44659,53.27,2.45,"5478 5-Mile pkwy, Clifton, OH ",2024-10-02 08:25:19,diesel,Bucky's,awwwx,0F4D2OH2TRW331L0I,11146127
44702,50.526,3.59,"8585 Loreli Parkway, Tipp City, OH 45371",2024-10-02 11:37:14,ethanol,WalMart,dddid,O3F3A81TQKZSKBN8P,11141111
44724,15.08095,3.36,"364 Beechmont Court, Cleveland, OH ",2024-10-02 07:50:30,gas,Sunoco,16001,LY5H6KMYCGA5HJZGW,18828571
44952,14.29693,2.35,"779 Plum St, Cincinnati, OH 45252",2024-10-02 03:13:03,ethanol,Marathon,gegef,T5RXC9D62H3OOFV5G,84281111
45098,6.439,2.13,"2310 MountainCrest St, Batavia, OH ",2024-10-02 06:37:20,ethanol,Speedway,ahaa,NUN75XHXPAD3UHQXE,46521348
45234,17.1913,2.15,"563 Spring Grove Lane, Williamsburg, OH ",2024-10-02 08:11:34,methanol,Sunoco,13211,OF2R8BPBQW86A4H81,11118111
45294,20.65839,2.31,"7646 SummitRidge Street, Lynchburg, OH ",2024-10-02 10:27:54,gas,Marathon,efgff,39GISV2ZEPCRT9SFS,11471111
45407,35.9895,3.75,"7155 Spring Grove Lane, Williamsburg, OH ",2024-10-02 08:56:47,liquified natural gas,Bucky's,awyyw,XOOPR2K13BFBCNTOS,11611717
45556,50.39,3.38,"4281 Nordyke Avenue, Circleville, OH ",2024-10-02 11:46:36,methanol,Love's,bbdcs,UIHEK2U1P5NEFTNPG,11111131
46124,46.8018,2.06,"9843 Brandonmere Court, Clifton, OH ",2024-10-02 09:58:57,biodiesel,WalMart,hdddd,D1NIV6142VSZX90H4,11127111
46131,35.63178,2.05,"5546 Second Lane, Lynchburg, OH ",2024-10-02 03:22:24,kerosene,Bucky's,awwwx,9WR492L07GMHJLRFL,63147814
46162,45.1234,3.11,"9560 Clough Parkwy, Bethel, OH ",2024-10-02 04:32:27,liquid natural gas,Marathon,egegf,AZOIWCNHOK6CT8WAL,21171111
46588,22.08895,3.47,"952 Clough Parkway, Tipp City, OH 45371",2024-10-02 07:57:26,methanol,Love's,hcdcd,PZNDCXILETQK12PXM,18522211
46635,22.01,1.97,"7155 Spring Grove Lane, Williamsburg, OH ",2024-10-02 11:37:14,kerosene,Bucky's,awyyw,O3F3A81TQKZSKBN8P,11141111
46997,26.23,2.74,"43221 OH,  Columbus, 3195 Fox Str, ",2024-10-02 05:19:13,lng,WalMart,ddkdd,FII17EWT3Q3AWOEFC,11131281
47594,20.34882,2.30,"1799 George Road, Bethel, OH ",2024-10-02 12:59:27,lng,Sunoco,17011,VQ6B9VGMNGO8CCR8O,82214381
47640,50.28,3.73,"3448 Laval Lane, Williamsburg, OH ",2024-10-02 12:54:10,lng,Love's,ncdcv,AGZ7UYS2H529QCFCJ,17167711
47653,41.05571,3.87,"6695 Kellogg Street, Cincinnati, OH 45299",2024-10-02 03:56:15,liquid natural gas,Bucky's,awxww,7ZZ5GWUQR0BWPJZC1,17125311
47943,36.7,2.75,"6368 Summit Parkwy, Cleveland, OH ",2024-10-02 11:46:50,liquid natural gas,Flying J,68378,0BVOSJPJIHAFJRQOG,73816348
48328,36.64324,3.76,"2577 Forest Crest Parkwy, Zanesville, OH 43702",2024-10-02 10:16:31,liquefied natural gas,WalMart,ikggd,RFLPBHZDT71AP5JG6,23111217
48362,51.9,3.31,"4387 Pennsylvania Parkwy, Zanesville, OH 43701",2024-10-02 08:56:47,kerosene,Bucky's,mwyyw,XOOPR2K13BFBCNTOS,11611717
48560,15.65,2.06,"817 Royal Oak Parkwy, Circleville, OH ",2024-10-02 11:52:59,kerosene,Sunoco,16311,PKN2ALYYP6KA4HWT9,11111211
49802,32.70186,2.72,"2919 Lindenwood Parkway, Tipp City, OH 45371",2024-10-02 09:00:10,biodiesel,Bucky's,ayxxw,X0BS9JSZ1IU21DFM7,11111116
50189,36.98232,3.33,"593 Nagel Court, Clifton, OH ",2024-10-02 04:57:39,lng,Sunoco,32011,Q6FHL0YS3F02B09ON,51122111
50219,4.805,3.25,"1614 Third Parkwy, Williamsburg, OH ",2024-10-02 03:42:51,liquid natural gas,Marathon,efeee,8UGLN3A7XFHFQTXQX,14185114
50283,44.798,4.03,"9159 Elm Parkway, Cambridge, OH 43725",2024-10-02 07:22:40,liquid natural gas,WalMart,deddi,RNRLTEHQ4USZ1JR7J,11121171
50380,40.089,3.57,"7443 5-Mile Avenue, Cincinnati, OH 45247",2024-10-02 04:28:59,LNG,Flying J,15346,SDRPEWZY6VENVM7GR,11241236
50737,21.5516,3.02,"676 Loreli Parkwy, Clifton, OH ",2024-10-02 08:20:54,LNG,Flying J,23545,W7IV7RB3MTJCOG234,11241161
50880,44.3908,3.95,"563 Spring Grove Lane, Williamsburg, OH ",2024-10-02 07:57:26,LNG,Sunoco,13211,PZNDCXILETQK12PXM,18522211
51058,47.12274,3.32,"8703 WindingWay pkwy, Tipp City, OH 45371",2024-10-02 07:03:22,LNG,Marathon,feeee,YNI48QG59M50VEVN7,21111118
51114,41.88046,3.62,"2086 WindingWay Road, Clifton, OH ",2024-10-02 03:23:05,propane,Flying J,52345,D26JTTZ1ZYT9O1ATN,34614161
51420,13.458,2.59,"2393 Second Parkwy, Lynchburg, OH ",2024-10-02 06:08:21,LNG,Marathon,eeege,MLTLCKS9O2TRRE5KO,11631811
51653,36.10823,3.87,"8860 Dutch Elm pkwy, Williamsburg, OH ",2024-10-02 10:06:40,lng,Marathon,gegge,CO337NNFXBPKG6X0W,57165557
51686,3.4215,2.59,"4625 Clifton Parkway, Cincinnati, OH 45215",2024-10-02 06:24:59,liquefied natural gas,WalMart,jikid,EX1SGUPNC2BY005DZ,61121111
51713,25.77,3.76,"6375 SummitRidge Avenue, Batavia, OH ",2024-10-02 08:48:04,LNG,Flying J,86347,CACQ3BFEDPTX0EF6Z,35415678
51868,19.9234,3.00,"6785 SR 222 Str, Cleveland, OH ",2024-10-02 11:42:49,methanol,Love's,bcccc,Y86IYT81I3XXN53O9,11122611
52185,20.96891,2.70,"679 Fisher Parkway, Zanesville, OH 43702",2024-10-02 04:13:55,diesel,Flying J,72348,1IFMJXD70L808UYSN,61171117
52988,19.80279,2.44,"6150 10-Mile Str, Lynchburg, OH ",2024-10-02 07:38:41,liquid natural gas,WalMart,dfdld,QQT7RP1816HHETOOC,41112516
53417,8.07023,2.44,"5546 Second Lane, Lynchburg, OH ",2024-10-02 05:35:14,LNG,Bucky's,awwwx,0SKYLTVUS0KALHOVQ,25814268
54060,23.83594,3.73,"7887 Brandonmere pkwy, Cincinnati, OH 45246",2024-10-02 03:27:36,propane,Sunoco,12011,5QNNTTIGC0XECBSZA,71111111
54064,27.463,3.27,"6926 Nagel Avenue, Franklin, OH 45005",2024-10-02 11:19:07,methanol,WalMart,dmfme,XHOC1EAJIGZ93SVM3,11115111
54381,48.6391,2.02,"5129 ForestTop Avenue, Circleville, OH ",2024-10-02 07:21:50,ethanol,Bucky's,qyxxw,J15T820L0WD4SRVZU,11471241
54411,23.24,2.13,"4232 Cougar Parkwy, Lynchburg, OH ",2024-10-02 11:40:44,biodiesel,Marathon,eeefe,0F009TCP0PYQ0AVXU,11111121
54576,19.239,2.14,"6150 Forest Crest Str, Zanesville, OH 43701",2024-10-02 10:12:03,LNG,Marathon,eeefe,RNRLTEHQ4USZ1JR7J,11121171
55032,45.5109,2.95,"2895 Second St, Williamsburg, OH ",2024-10-02 09:24:54,liquid natural gas,Bucky's,rwyxw,FUFEQO1480KGA59E9,67154111
55082,49.69285,3.89,"43265 OH,  Columbus, 3232 Sunrise pkwy, ",2024-10-02 06:59:44,biodiesel,Sunoco,12010,Q1WMQQLCDSJF612Q3,24761126
55090,45.71248,3.53,"6856 Clifton Avenue, Bethel, OH ",2024-10-02 05:55:13,liquified natural gas,Bucky's,ayxwx,1QWKWQLBZRSFHG5M8,12158317
55252,43.11,2.26,"1201 Forest Lane, Franklin, OH 45005",2024-10-02 07:33:39,biodiesel,Speedway,dhba,8Z1TZN1VYH9PMU5Q9,21815171
55964,4.8427,2.64,"942 Fisher Road, Cambridge, OH 43725",2024-10-02 09:06:08,ethanol,Marathon,geeee,SY1ATDN4ZQ2R31HF1,11311111
56117,35.39184,2.23,"43251 OH,  Columbus, 9192 Beech Court, ",2024-10-02 06:43:27,kerosene,Love's,ebcjc,QYA4BCFSRHOAY60LQ,11111118
56293,23.75529,2.09,"4568 Summit Str, Williamsburg, OH ",2024-10-02 08:32:17,lng,Sunoco,72011,GGKUAIMF0CAQDL4K9,72715426
56374,14.84993,2.80,"1543 Elm pkwy, Lynchburg, OH ",2024-10-02 03:18:44,propane,Love's,bbdcy,L5E80KST3W0MEGIEN,62188151
56725,34.406,3.47,"4531 Royal Oak Parkway, Clifton, OH ",2024-10-02 09:20:41,gas,Love's,bcceg,JMZHD8DJ0FYZIAG0U,11151716
57026,15.1737,2.71,"2925 Dutch Elm Street, Cambridge, OH 43725",2024-10-02 08:45:45,propane,Flying J,52355,FHDFU1E0E3M9QQ6FI,11121111
57027,40.5521,2.72,"5413 MountainCrest Avenue, Clifton, OH ",2024-10-02 03:44:18,diesel,Flying J,12348,NX4006D9WATFB60DS,12141111
57082,21.91,2.38,"457 SummitRidge Road, Cincinnati, OH 45202",2024-10-02 06:08:21,LNG,WalMart,jdddd,MLTLCKS9O2TRRE5KO,11631811
57239,30.94327,2.27,"9374 Coyote Street, Batavia, OH ",2024-10-02 12:09:09,biodiesel,Bucky's,pwwwx,SZ4FQYP60YSPJBNF5,15334681
57547,20.26008,2.37,"7252 10-Mile St, Cambridge, OH 43725",2024-10-02 07:07:32,liquified natural gas,Love's,bbccs,D6IJ22VT2255RXLXS,88186174
57736,47.36884,2.58,"7249 Plum Parkwy, Zanesville, OH 43701",2024-10-02 09:07:18,ethanol,Marathon,ffegg,CZ3OT504FT81PJ9WF,38535131
57892,12.607,3.34,"2506 Forest Road, Batavia, OH ",2024-10-02 07:49:27,propane,WalMart,jggfd,0GSO367QRN3DZYF82,82538861
58051,26.18,3.97,"1510 Main Ave, Cleveland, OH ",2024-10-02 09:15:00,diesel,Marathon,gfeee,YNU295WLD4AIBQK1K,71132247
58084,34.539,2.83,"5717 South Cross St, Lynchburg, OH ",2024-10-02 06:57:11,ethanol,Flying J,14455,0CB7LPZYJ1BLLJD2X,51181116
58117,4.90196,2.38,"3292 SummitRidge Court, Franklin, OH 45005",2024-10-02 10:53:38,biodiesel,Flying J,14347,H2OYU9XSCUEORTLS0,31111113
58402,30.15833,3.67,"8356 Sunrise Parkway, Cleveland, OH ",2024-10-02 04:12:45,methanol,Flying J,63885,Q6OYX04A3GAWZU5SM,51351148
58846,42.63658,2.61,"4302 Loreli Lane, Cleveland, OH ",2024-10-02 04:33:18,ethanol,Love's,hcccj,XXHTNRSJFEG3VQQSV,47116113
59002,41.4,3.18,"5359 MountainCrest Avenue, Cincinnati, OH 45251",2024-10-02 07:35:33,LNG,Speedway,ajwa,UXYHKJCWHNXZP3S7L,41151112
59070,49.98054,3.52,"1999 Main Avenue, Williamsburg, OH ",2024-10-02 05:49:53,liquid natural gas,Sunoco,16001,ALQRL7295W3DOBJMB,17111111
59091,39.897,2.28,"4486 Oaklahoma Road, Cambridge, OH 43725",2024-10-02 06:43:03,ethanol,WalMart,dgfgf,HHR80V0W7G98GA1E5,11131811
59190,5.0058,2.65,"9088 Loreli Str, Batavia, OH ",2024-10-02 03:01:27,liquefied natural gas,Bucky's,tyxww,B6RM4ZKZSRT35LUA8,14311311
59319,14.14,3.60,"9166 Dutch Elm Court, Bethel, OH ",2024-10-02 07:38:20,methanol,Sunoco,12101,QB6O29FHC5SIF1TCD,14188113
60012,26.25,2.30,"5773 Royal Oak Street, Tipp City, OH 45371",2024-10-02 04:04:20,propane,Marathon,fffeg,8UGLN3A7XFHFQTXQX,14185114
60041,15.41,3.43,"43232 OH,  Columbus, 7343 Pretzel Str, ",2024-10-02 10:30:52,diesel,WalMart,dldde,E9WQ8P1YB3NTSY4QY,17711111
60597,6.11,3.67,"6582 SR 125 Court, Cambridge, OH 43725",2024-10-02 09:41:58,ethanol,Sunoco,52001,SERKDJS7TMWD5RXAN,24134814
60893,13.71,2.85,"9773 Oak Str, Cleveland, OH ",2024-10-02 11:24:53,diesel,Speedway,apak,48NY21B4TGCXNR8GU,11118111
61005,21.153,3.71,"389 5-Mile Court, Cleveland, OH ",2024-10-02 12:44:45,liquified natural gas,WalMart,dddfd,5L3KMNV4BKQBP6Z1M,16353176
61270,29.435,3.01,"5393 Wayfair Ave, Franklin, OH 45005",2024-10-02 06:57:27,liquified natural gas,Flying J,32655,W7I7HDLJE238EIT78,21111115
61826,12.67,3.07,"9023 Clough pkwy, Cambridge, OH 43725",2024-10-02 07:02:03,biodiesel,Bucky's,oxwwx,KVNG1R8L7P7V4R221,11511162
62059,21.25,3.49,"7289 Elon Street, Williamsburg, OH ",2024-10-02 10:12:10,propane,WalMart,fkidl,RBYWK1ZSL12OXEJ5L,15311811
62210,6.199,2.76,"3089 Clifton Parkway, Cleveland, OH ",2024-10-02 12:10:16,gas,Speedway,naal,6COZN9NZS5IKTXU6G,38114211
63107,41.55225,3.97,"9739 Brandonmere Parkway, Circleville, OH ",2024-10-02 12:17:01,kerosene,Marathon,egeee,V7TQVGRN15K7Z7GFL,28286611
63673,49.26,2.23,"9838 Forest Crest Avenue, Clifton, OH ",2024-10-02 03:22:24,liquefied natural gas,Love's,bbcvy,9WR492L07GMHJLRFL,63147814
63902,23.45765,3.46,"7096 Wayfair Street, Lynchburg, OH ",2024-10-02 11:06:20,liquefied natural gas,Marathon,gfefe,ZX36Y9ADWVEIZ41QQ,12145152
64140,30.14,2.05,"3889 Beech Avenue, Franklin, OH 45005",2024-10-02 06:24:59,LNG,Marathon,efgge,EX1SGUPNC2BY005DZ,61121111
64463,9.0,2.94,"5869 Brandonmere Court, Clifton, OH ",2024-10-02 11:27:33,liquid natural gas,Flying J,33345,R0OM4JJ1K6HEWALN5,11153411
64587,30.55,3.79,"1416 Plum Str, Clifton, OH ",2024-10-02 07:54:23,liquified natural gas,WalMart,dlhdm,QL91E48KV2HTCIVDP,11158738
64948,15.363,2.39,"5393 Wayfair Ave, Franklin, OH 45005",2024-10-02 10:56:10,liquefied natural gas,Flying J,32655,39GISV2ZEPCRT9SFS,11471111
65249,41.655,3.57,"3272 MountainCrest Street, Franklin, OH 45005",2024-10-02 12:05:28,gas,WalMart,dddhd,VKGF807SSKSYR67T3,15784811
65352,4.634,2.45,"822 Elon pkwy, Lynchburg, OH ",2024-10-02 08:41:15,diesel,Love's,bcccc,4KZJ6APNZTD6S5SFF,13781211
65398,21.6389,3.14,"9541 Alabatross Parkway, Williamsburg, OH ",2024-10-02 06:23:47,propane,Love's,bbdcc,Y32GLXFX7CQG7K6AV,11111151
65509,43.62489,3.31,"3450 Miller Lane, Franklin, OH 45005",2024-10-02 07:03:41,LNG,Speedway,aava,7UEMTBN49N83SSMB7,11151111
65697,45.69101,2.44,"8625 Dutch Elm Ave, Batavia, OH ",2024-10-02 08:43:38,propane,Marathon,efeee,4QFIPJUT0AF9FHNTO,61131311
65741,41.3374,2.26,"2593 Dutch Elm Avenue, Batavia, OH ",2024-10-02 11:06:20,propane,Speedway,apaa,ZX36Y9ADWVEIZ41QQ,12145152
66156,9.25724,3.24,"8831 Beechmont pkwy, Tipp City, OH 45371",2024-10-02 05:49:53,liquified natural gas,WalMart,ddlfk,ALQRL7295W3DOBJMB,17111111
66654,13.5458,3.02,"5128 Oak Parkwy, Cambridge, OH 43725",2024-10-02 03:38:26,diesel,Sunoco,26310,D41IZSN7WAAUO3LMR,18131172
67709,8.95,3.04,"5828 Beechmont St, Dayton, OH 45435",2024-10-02 09:53:15,propane,Bucky's,nwwyx,RTCLMIMW9XOW6DNVK,21871175
67843,4.099,3.20,"6365 Connector Parkwy, Cambridge, OH 43725",2024-10-02 12:51:12,ethanol,Bucky's,ayxww,Y59T7460MF1ODWK5D,11183113
67948,20.836,2.72,"3012 Summit Court, Williamsburg, OH ",2024-10-02 08:45:45,ethanol,Bucky's,awywy,FHDFU1E0E3M9QQ6FI,11121111
68020,53.2065,3.60,"6169 Forest Crest Avenue, Tipp City, OH 45371",2024-10-02 05:39:30,methanol,Flying J,15345,PD1VQBBP8G6BP0T9X,46114327
68923,14.01,3.15,"3579 Daylight Parkwy, Franklin, OH 45005",2024-10-02 11:42:48,LNG,WalMart,ddmdd,YZXVER5YKXP6D00TG,11511133
69167,4.70794,2.00,"5123 SR 222 Court, Circleville, OH ",2024-10-02 08:51:30,lng,Marathon,eeeef,ENN4M12B4IH4OSALT,11311711
69194,51.29041,2.39,"5337 Lindenwood St, Zanesville, OH 43702",2024-10-02 10:02:03,diesel,WalMart,ehmdd,O4DA8TJNQCN2ARMMO,72348514
69382,19.2933,2.17,"5157 Clough Avenue, Dayton, OH 45412",2024-10-02 07:36:17,biodiesel,Flying J,12485,0DBDSAE0W4O40ISKZ,13611312
69470,5.8224,2.00,"62 Sunrise Lane, Lynchburg, OH ",2024-10-02 06:55:09,diesel,Sunoco,73701,6ZAUKHCKZI3CZZS9D,11411111
69653,47.45,4.07,"9065 Brandonmere Str, Circleville, OH ",2024-10-02 12:59:27,liquefied natural gas,WalMart,dfddd,VQ6B9VGMNGO8CCR8O,82214381
69745,52.42125,2.76,"4435 Elm St, Franklin, OH 45005",2024-10-02 07:38:41,LNG,Sunoco,58110,QQT7RP1816HHETOOC,41112516
69794,39.48,2.58,"7381 Fisher Avenue, Tipp City, OH 45371",2024-10-02 07:03:30,liquified natural gas,WalMart,kjihd,J93GQ1WWGFJBMODXY,11416331
69807,45.561,3.81,"3312 Wayfair Court, Cambridge, OH 43725",2024-10-02 06:43:27,diesel,Love's,bbdjc,QYA4BCFSRHOAY60LQ,11111118
69897,5.67,3.00,"6056 Spooner Court, Batavia, OH ",2024-10-02 06:01:32,gas,Sunoco,53700,NEICO2HHJ2WPXU3FS,21357878
69950,18.49,3.48,"6653 Plum Road, Zanesville, OH 43701",2024-10-02 07:35:33,liquid natural gas,Marathon,gffef,UXYHKJCWHNXZP3S7L,41151112
70641,34.95,2.04,"1075 Vine Avenue, Tipp City, OH 45371",2024-10-02 05:17:33,propane,Bucky's,awxwx,KRJ3FYH7YK6Y3Q40L,71111113
71100,13.24,2.93,"2834 Royal Oak Ave, Lynchburg, OH ",2024-10-02 04:04:20,ethanol,WalMart,dfddj,8UGLN3A7XFHFQTXQX,14185114
71146,53.3921,3.76,"1330 South Cross pkwy, Circleville, OH ",2024-10-02 06:28:18,kerosene,Marathon,fefee,Z5B5H1QQ9GRTAADRC,48752152
71482,27.83259,2.90,"1760 Second St, Lynchburg, OH ",2024-10-02 07:12:25,ethanol,Sunoco,12810,UMEB6FIQZTP48YKTN,51771525
71524,5.06,3.85,"9837 Plum Lane, Dayton, OH 45424",2024-10-02 07:29:36,biodiesel,Marathon,eefgf,055QQ51FN2891YMYS,18111455
71551,48.26,2.69,"43291 OH,  Columbus, 8605 Dutch Elm Str, ",2024-10-02 08:36:30,liquid natural gas,Sunoco,22001,WGQWLUH5GLLJ5YQPO,34211138
71621,42.88645,4.08,"4530 Alabatross pkwy, Cleveland, OH ",2024-10-02 08:11:31,biodiesel,Love's,fbdgk,5JCS877Z9DTG6YOCO,12545662
71718,31.98187,3.01,"6760 Spooner Parkway, Zanesville, OH 43701",2024-10-02 05:16:05,diesel,Love's,bcccc,ONZIQY1QVDBCHD89V,71138171
71770,29.87,2.31,"691 Clough Str, Batavia, OH ",2024-10-02 11:12:31,gas,WalMart,mdmmj,YWS53F49JIBC9HBBG,15442213
71827,40.431,2.01,"2428 Pennsylvania St, Zanesville, OH 43702",2024-10-02 12:46:06,LNG,Marathon,ggfge,KP3VA5LJ7U8JX9VRW,18116112
73165,8.529,2.42,"7309 Nagel Road, Cambridge, OH 43725",2024-10-02 08:28:54,gas,WalMart,keddd,RDHQIFXZMQVL0NZK7,12411454
73310,45.6712,2.25,"7069 Coyote Parkwy, Circleville, OH ",2024-10-02 11:42:48,liquid natural gas,Flying J,12375,YZXVER5YKXP6D00TG,11511133
73374,51.89,1.93,"3753 Daylight Parkway, Circleville, OH ",2024-10-02 08:55:05,propane,WalMart,idjjk,BEYNG6XLBAJPGXJNE,11181151
73491,48.49,3.23,"7126 Linderwood Road, Zanesville, OH 43701",2024-10-02 10:28:22,kerosene,Speedway,ahaa,FWRCYL56B68DZ6MFH,16141111
73907,43.133,3.74,"4076 Oak pkwy, Franklin, OH 45005",2024-10-02 09:23:18,gas,WalMart,ddedd,5GQC9PR1UQRWBZAV6,11111181
75110,15.65,2.45,"8666 10-Mile Lane, Bethel, OH ",2024-10-02 10:53:38,liquified natural gas,Sunoco,58301,H2OYU9XSCUEORTLS0,31111113
75143,40.81,3.97,"3511 Coyote Parkway, Cambridge, OH 43725",2024-10-02 05:45:13,ethanol,Marathon,gefee,TXCOEH8CJYYHQHP0A,88281111
75609,46.326,2.41,"1633 Pennsylvania Ave, Tipp City, OH 45371",2024-10-02 03:26:32,liquefied natural gas,Sunoco,14100,0F4D2OH2TRW331L0I,11146127
75633,26.1877,2.96,"4530 Alabatross pkwy, Cleveland, OH ",2024-10-02 09:42:32,liquefied natural gas,Love's,fbdgk,R2DHLVK9ON4F28XY7,11111115
75993,6.643,3.18,"1206 Beechmont Street, Franklin, OH 45005",2024-10-02 11:46:50,liquefied natural gas,WalMart,kedei,0BVOSJPJIHAFJRQOG,73816348
76086,20.261,3.81,"4650 Forest Creek Court, Circleville, OH ",2024-10-02 04:54:47,liquid natural gas,Speedway,daaa,O082F615E4A8ATJNK,31832683
76257,14.45767,3.10,"2303 ForestTop pkwy, Franklin, OH 45005",2024-10-02 05:33:42,lng,Love's,sbdcc,CP7A8MSHLNKHYABXN,11112611
76479,29.5072,2.37,"8360 Forest Court, Cleveland, OH ",2024-10-02 06:55:09,propane,Speedway,aata,6ZAUKHCKZI3CZZS9D,11411111
76650,29.3716,2.07,"5302 Vine Ave, Cleveland, OH ",2024-10-02 10:32:50,lng,Sunoco,18811,Z8JS4P8E0GWO6FGZ6,31125538
76956,24.2703,1.99,"9739 Brandonmere Parkway, Circleville, OH ",2024-10-02 10:02:03,lng,Marathon,egeee,O4DA8TJNQCN2ARMMO,72348514
77097,28.763,3.16,"7287 8-Mile Lane, Franklin, OH 45005",2024-10-02 11:27:33,liquefied natural gas,Speedway,qahk,R0OM4JJ1K6HEWALN5,11153411
77282,33.9494,2.47,"43201 OH,  Columbus, 1082 Brandonmere Str, ",2024-10-02 10:36:46,LNG,Bucky's,sxwyx,QHKS6TXT02NEN2E4Q,71111111
77946,14.6013,4.05,"2766 Third Str, Circleville, OH ",2024-10-02 07:59:12,methanol,Marathon,ggefe,EONV0MLIQXE6JXZZE,74868111
77952,48.68,2.72,"7303 Forest Hill Court, Lynchburg, OH ",2024-10-02 08:54:47,diesel,WalMart,dfegd,7ZZ5GWUQR0BWPJZC1,17125311
78165,26.6178,3.51,"7411 Clifton Parkwy, Circleville, OH ",2024-10-02 12:35:41,diesel,WalMart,idele,T8CL7OVREV8LDODQO,72131665
78204,8.68,2.27,"735 Kellogg Court, Cleveland, OH ",2024-10-02 12:11:20,gas,WalMart,iddfh,MRQV7BE51KHMR0FZR,33838131
78406,42.2,3.64,"2171 Nordyke Parkway, Zanesville, OH 43702",2024-10-02 03:14:39,methanol,Love's,gcdcs,TXCOEH8CJYYHQHP0A,88281111
78435,8.57537,2.02,"6150 10-Mile Str, Lynchburg, OH ",2024-10-02 04:58:07,lng,WalMart,dfdld,55IEC2VLSDBPNCXEB,13542144
79276,26.5882,3.08,"792 Forest Ave, Clifton, OH ",2024-10-02 03:50:48,liquified natural gas,Speedway,uasq,REAAVO6VU4RLFZRPU,44152875
79519,24.90136,3.99,"6516 Cougar pkwy, Lynchburg, OH ",2024-10-02 11:42:49,diesel,WalMart,ddddj,Y86IYT81I3XXN53O9,11122611
79767,4.82,3.33,"7160 Plum Parkway, Cleveland, OH ",2024-10-02 09:42:32,ethanol,Flying J,12375,R2DHLVK9ON4F28XY7,11111115
79812,19.8149,3.60,"9804 Forest Hill Parkway, Cincinnati, OH 45205",2024-10-02 08:36:30,ethanol,Speedway,naaa,WGQWLUH5GLLJ5YQPO,34211138
80142,9.05857,3.31,"4825 8-Mile Ave, Circleville, OH ",2024-10-02 08:52:03,diesel,Flying J,74365,QHKS6TXT02NEN2E4Q,71111111
80593,22.6026,3.43,"3972 Summit St, Bethel, OH ",2024-10-02 03:56:15,diesel,Speedway,avea,7ZZ5GWUQR0BWPJZC1,17125311
80809,35.83,2.09,"7309 Nagel Road, Cambridge, OH 43725",2024-10-02 04:15:39,liquefied natural gas,WalMart,keddd,L34Y7X40C1NQSLCR1,52826816
81046,41.65531,2.39,"2187 Spooner Str, Franklin, OH 45005",2024-10-02 05:35:14,liquid natural gas,Flying J,67355,0SKYLTVUS0KALHOVQ,25814268
81504,12.52,3.20,"9378 Laval Ave, Zanesville, OH 43701",2024-10-02 04:05:28,liquefied natural gas,Flying J,32365,I3K5L8FKHYOWDT1DI,17653388
81590,3.22,3.01,"8074 Elm St, Williamsburg, OH ",2024-10-02 06:01:32,ethanol,Sunoco,32000,B2CP57D7601OKC5C6,11114116
81717,23.18417,3.26,"222 SR 125 Parkway, Circleville, OH ",2024-10-02 04:08:30,ethanol,Love's,bbdgw,N4G1FGX7Y171HF4Y2,12131511
81803,45.1852,4.07,"5201 10-Mile Street, Batavia, OH ",2024-10-02 09:00:10,ethanol,WalMart,dmdjl,X0BS9JSZ1IU21DFM7,11111116
81988,28.216,3.94,"43218 OH,  Columbus, 8509 Beechmont Parkwy, ",2024-10-02 06:16:44,gas,Love's,bcdyc,UI46YMADA2FJEDJRJ,11114511
82215,24.06334,3.01,"1256 Spring Grove Street, Circleville, OH ",2024-10-02 04:20:54,liquid natural gas,Flying J,12445,TT29M46WXRF41DBM5,11111141
82612,11.44,2.12,"8566 Stonehill Parkway, Clifton, OH ",2024-10-02 06:25:19,lng,Sunoco,17100,YZXVER5YKXP6D00TG,11511133
82614,9.0273,3.22,"9980 Royal Oak St, Cincinnati, OH 45274",2024-10-02 04:52:02,LNG,Sunoco,47201,2WCCCTV9TC9II4BZC,17784157
82634,27.389,2.77,"8066 Main Avenue, Cincinnati, OH 45212",2024-10-02 11:04:26,biodiesel,Marathon,eeege,K3UFRT7TBATYV8QZP,71755583
82703,30.75188,3.47,"2070 Second Str, Batavia, OH ",2024-10-02 09:06:08,methanol,Speedway,aacn,SY1ATDN4ZQ2R31HF1,11311111
82794,17.86,3.85,"2506 Forest Road, Batavia, OH ",2024-10-02 08:43:07,gas,WalMart,jggfd,43J1U5YSB9M9X8BUB,11112111
82874,10.76,3.80,"2441 Kellogg Parkwy, Circleville, OH ",2024-10-02 06:59:56,liquefied natural gas,Speedway,gbae,8YYCT5T2PN9FQ36VK,11311128
82924,9.642,2.25,"2661 Vine Parkway, Lynchburg, OH ",2024-10-02 06:01:32,propane,Love's,fbdjm,NEICO2HHJ2WPXU3FS,21357878
83048,53.484,3.79,"5419 Second St, Cleveland, OH ",2024-10-02 11:15:45,liquid natural gas,Flying J,62345,LZBF8244WOMSJIUNO,15811855
83382,5.7566,3.46,"8076 MountainCrest Street, Tipp City, OH 45371",2024-10-02 08:43:38,gas,Flying J,67546,4QFIPJUT0AF9FHNTO,61131311
83628,51.34,2.51,"5478 5-Mile pkwy, Clifton, OH ",2024-10-02 03:00:06,propane,Bucky's,awwwx,OF4PCOOLQ02V5QVHA,71116114
83778,23.083,3.49,"2834 Royal Oak Ave, Lynchburg, OH ",2024-10-02 03:00:06,diesel,WalMart,dfddj,OF4PCOOLQ02V5QVHA,71116114
83878,31.52,2.89,"7096 Wayfair Street, Lynchburg, OH ",2024-10-02 03:26:32,methanol,Marathon,gfefe,0F4D2OH2TRW331L0I,11146127
83898,12.7,3.33,"2577 Forest Crest Parkwy, Zanesville, OH 43702",2024-10-02 04:43:57,ethanol,WalMart,ikggd,PX2UN7T6EGFU5CMT3,81111821
84159,4.34,3.91,"6032 Plum Parkwy, Lynchburg, OH ",2024-10-02 09:58:24,kerosene,Love's,xbcwc,7Y4RIG2NY7O8XDU2B,25622381
84748,47.49054,1.97,"735 Kellogg Court, Cleveland, OH ",2024-10-02 07:49:27,lng,WalMart,iddfh,0GSO367QRN3DZYF82,82538861
85039,15.73,2.90,"6020 5-Mile Road, Circleville, OH ",2024-10-02 03:10:02,liquified natural gas,Love's,bccqe,WNX33HDDHHVQ33OSQ,17111141
85180,51.90163,2.47,"43240 OH,  Columbus, 2821 Kellogg Str, ",2024-10-02 12:41:50,methanol,Bucky's,swwyx,UDUKHSAUAQ4I0B41K,15325151
85342,14.27,3.86,"3450 Miller Lane, Franklin, OH 45005",2024-10-02 10:36:46,lng,Speedway,aava,QHKS6TXT02NEN2E4Q,71111111
85345,9.33217,3.96,"2621 Second Road, Cleveland, OH ",2024-10-02 09:15:00,ethanol,Love's,cccwo,YNU295WLD4AIBQK1K,71132247
85463,33.0,3.33,"9560 Clough Parkwy, Bethel, OH ",2024-10-02 08:54:47,liquefied natural gas,Marathon,egegf,7ZZ5GWUQR0BWPJZC1,17125311
86148,44.28095,2.54,"4745 ForestTop St, Batavia, OH ",2024-10-02 03:43:18,biodiesel,Sunoco,13511,PZVMI6U18R22B5C1C,11111114
86233,49.4931,3.05,"6334 Laval Parkwy, Lynchburg, OH ",2024-10-02 04:47:00,methanol,Flying J,42347,V49UKF3OOZ9YCPE0C,81118244
87281,17.93061,3.35,"5349 George Ave, Williamsburg, OH ",2024-10-02 11:16:19,propane,Love's,bccqv,L33QX2VDKG77WLFGS,36163181
87559,27.62,2.03,"4407 Fox St, Clifton, OH ",2024-10-02 10:27:54,propane,Sunoco,16000,39GISV2ZEPCRT9SFS,11471111
88217,6.7403,2.88,"3934 Second Road, Lynchburg, OH ",2024-10-02 07:59:31,lng,Flying J,42355,MP1Z383ZC74NEK154,16111181
88419,20.11,3.53,"3616 Second Parkway, Batavia, OH ",2024-10-02 10:00:32,methanol,Bucky's,owwyy,UMIIOB4JR95YQGL0G,11111881
88684,48.443,3.32,"8845 Pennsylvania pkwy, Cleveland, OH ",2024-10-02 10:56:10,propane,Speedway,axcm,39GISV2ZEPCRT9SFS,11471111
88800,43.944,3.79,"1317 Wayfair St, Batavia, OH ",2024-10-02 08:21:40,kerosene,Flying J,12375,I320H36HW08P8TW5L,45165781
89026,21.331,2.16,"5805 Alabatross Street, Cambridge, OH 43725",2024-10-02 06:41:47,ethanol,Speedway,aapa,WJW3JOEYNHZBM56EF,81868615
89053,14.02,3.67,"3253 Fox Court, Franklin, OH 45005",2024-10-02 07:59:31,liquefied natural gas,Sunoco,12410,MP1Z383ZC74NEK154,16111181
89061,29.5921,2.31,"9804 Forest Hill Parkway, Cincinnati, OH 45205",2024-10-02 06:16:44,biodiesel,Speedway,naaa,UI46YMADA2FJEDJRJ,11114511
89168,50.30785,3.82,"3620 Oaklahoma Str, Cincinnati, OH 45247",2024-10-02 06:14:14,liquified natural gas,Marathon,eefee,R2DHLVK9ON4F28XY7,11111115
89255,28.4938,3.52,"3167 Vine Lane, Cleveland, OH ",2024-10-02 04:14:26,kerosene,Marathon,gefgf,WGQWLUH5GLLJ5YQPO,34211138
89638,20.64,2.63,"4825 8-Mile Ave, Circleville, OH ",2024-10-02 12:00:22,kerosene,Flying J,74365,W90E776F46ZDIHXJ5,13156461
89685,54.2,3.84,"3052 MountainCrest Parkway, Dayton, OH 45416",2024-10-02 11:29:19,kerosene,Flying J,37355,AISPYUITCWWO1Q6F8,63461878
89846,20.886,3.29,"1016 Linderwood Avenue, Cambridge, OH 43725",2024-10-02 07:38:20,gas,Sunoco,44201,QB6O29FHC5SIF1TCD,14188113
90130,21.67,2.93,"8980 Third Str, Tipp City, OH 45371",2024-10-02 11:34:30,propane,Flying J,47367,R9C47AXO8NM8XZMLH,11114151
90535,29.96,2.28,"254 George Lane, Lynchburg, OH ",2024-10-02 08:55:05,methanol,WalMart,jfdhi,BEYNG6XLBAJPGXJNE,11181151
90982,9.04,3.95,"5169 Elm Lane, Batavia, OH ",2024-10-02 10:17:59,kerosene,Love's,qbcco,3MRLMC32O5JURWAP9,15111111
91109,40.61017,4.03,"5169 Elm Lane, Batavia, OH ",2024-10-02 09:54:58,kerosene,Love's,qbcco,VKGF807SSKSYR67T3,15784811
92668,24.39379,3.58,"8015 Elm pkwy, Cincinnati, OH 45223",2024-10-02 04:26:18,lng,WalMart,iddhd,Q6OYX04A3GAWZU5SM,51351148
92701,47.7,3.92,"2369 Beechmont St, Cleveland, OH ",2024-10-02 11:36:59,liquid natural gas,Speedway,akaa,XHOC1EAJIGZ93SVM3,11115111
93875,16.92,2.63,"2309 Oaklahoma Parkwy, Williamsburg, OH ",2024-10-02 09:14:02,methanol,Bucky's,aywwy,4NINZSQCL9IUPKZ3Y,17333116
94393,43.67,1.91,"2370 Beech Lane, Clifton, OH ",2024-10-02 07:33:39,ethanol,Love's,bbcfc,8Z1TZN1VYH9PMU5Q9,21815171
94474,40.1983,3.56,"3318 Beech Parkway, Williamsburg, OH ",2024-10-02 12:02:20,propane,WalMart,demem,W1QABEEUSIZD29JSE,11111181
94503,24.306,3.21,"5994 Oak Avenue, Cincinnati, OH 45209",2024-10-02 07:21:50,lng,Marathon,geeef,J15T820L0WD4SRVZU,11471241
95085,20.06149,3.17,"7765 Clifton Parkway, Batavia, OH ",2024-10-02 11:04:26,diesel,Speedway,emea,K3UFRT7TBATYV8QZP,71755583
95323,50.6852,4.00,"5477 Loreli St, Cleveland, OH ",2024-10-02 10:08:00,LNG,Bucky's,axyyw,CZOG3VWK24ZCHQW6T,12111111
95455,19.642,2.77,"6242 Oaklahoma Parkwy, Williamsburg, OH ",2024-10-02 12:55:41,liquified natural gas,Bucky's,axwxx,JBGZ1PN7JIIIRCCUO,77317226
95527,41.10447,4.04,"9227 George Street, Cambridge, OH 43725",2024-10-02 10:28:22,liquid natural gas,Bucky's,kywwx,FWRCYL56B68DZ6MFH,16141111
95643,13.4093,1.94,"9159 Elm Parkway, Cambridge, OH 43725",2024-10-02 12:02:41,diesel,WalMart,deddi,J93GQ1WWGFJBMODXY,11416331
95861,44.8721,2.86,"7887 Brandonmere pkwy, Cincinnati, OH 45246",2024-10-02 06:28:18,liquified natural gas,Sunoco,12011,Z5B5H1QQ9GRTAADRC,48752152
95874,12.06094,3.15,"4774 ForestTop Parkway, Cambridge, OH 43725",2024-10-02 05:52:31,methanol,Sunoco,12710,OQH8NWV49CKI6BF35,51111111
96114,12.159,3.37,"9837 Plum Lane, Dayton, OH 45424",2024-10-02 03:18:23,methanol,Marathon,eefgf,S7YK12UHH51QVOR0W,62651573
96588,48.84808,2.43,"9580 South Cross Avenue, Zanesville, OH 43702",2024-10-02 10:30:52,LNG,Flying J,76675,E9WQ8P1YB3NTSY4QY,17711111
96686,11.25,2.88,"2171 Nordyke Parkway, Zanesville, OH 43702",2024-10-02 08:17:01,liquified natural gas,Love's,gcdcs,OC209GALS9A9XW36C,11711111
97045,40.089,4.09,"6582 SR 125 Court, Cambridge, OH 43725",2024-10-02 12:26:11,biodiesel,Sunoco,52001,H19LIYD7AN2EXGOE2,77513754
97369,21.81051,3.18,"1038 Beechmont Parkwy, Circleville, OH ",2024-10-02 03:30:12,kerosene,Speedway,afxa,5KA9HS2JM3NW0SB37,31112111
98227,29.648,4.08,"43226 OH,  Columbus, 398 Cougar Avenue, ",2024-10-02 07:32:13,liquefied natural gas,Bucky's,wywxx,SPZK1IA8BW8OHIRRF,81141111
98340,7.07,3.90,"3757 Stonehill pkwy, Franklin, OH 45005",2024-10-02 06:23:47,liquefied natural gas,WalMart,iekkd,Y32GLXFX7CQG7K6AV,11111151
98667,13.95,4.00,"2335 Clifton Street, Dayton, OH 45417",2024-10-02 06:59:44,diesel,Marathon,ggefg,Q1WMQQLCDSJF612Q3,24761126
98722,21.559,2.26,"1235 Kellogg pkwy, Bethel, OH ",2024-10-02 08:21:14,ethanol,Bucky's,qwxxy,PQQ10ZGCWGTYF8DY6,11867171
98836,48.8214,1.93,"1364 Dutch Elm Parkway, Circleville, OH ",2024-10-02 12:47:41,kerosene,Flying J,12346,0F009TCP0PYQ0AVXU,11111121
99073,8.731,3.58,"5509 Oaklahoma St, Dayton, OH 45441",2024-10-02 09:21:57,liquid natural gas,Flying J,12677,RCRYVXGFK9YO6FHBW,11711111
99142,20.918,4.00,"5080 George Lane, Bethel, OH ",2024-10-02 06:18:53,liquid natural gas,Speedway,avri,0F009TCP0PYQ0AVXU,11111121
99385,28.133,3.52,"364 Beechmont Court, Cleveland, OH ",2024-10-02 11:15:43,lng,Sunoco,16001,IT19R4PJXUD1VIBVO,51112813
99399,46.85,2.53,"2070 Second Str, Batavia, OH ",2024-10-02 04:33:18,biodiesel,Speedway,aacn,XXHTNRSJFEG3VQQSV,47116113
99468,36.0942,4.03,"8051 Sunrise pkwy, Bethel, OH ",2024-10-02 11:15:45,gas,WalMart,djkhm,LZBF8244WOMSJIUNO,15811855
100012,20.20299,2.66,"8605 Forest Ave, Tipp City, OH 45371",2024-10-02 08:49:02,liquified natural gas,Love's,occqq,8VQK5ISACCJB8ZDFT,81413426
100141,38.49,3.24,"4676 Miller Str, Bethel, OH ",2024-10-02 11:18:28,propane,Speedway,naea,WFRWYMQCE9W6AWW8F,18654371
100170,2.55915,2.35,"2299 Laval Lane, Lynchburg, OH ",2024-10-02 04:28:59,kerosene,WalMart,ddddg,SDRPEWZY6VENVM7GR,11241236
100695,35.8835,1.98,"7746 Wayfair pkwy, Zanesville, OH 43702",2024-10-02 08:21:40,gas,WalMart,gfdhi,I320H36HW08P8TW5L,45165781
101073,54.17,3.42,"3851 Spring Grove St, Bethel, OH ",2024-10-02 10:07:40,lng,Sunoco,32011,A49FD5L7OT3YR0ELY,11116111
101299,19.35,3.35,"7324 Cougar Ave, Cambridge, OH 43725",2024-10-02 04:08:30,propane,Love's,dbccc,N4G1FGX7Y171HF4Y2,12131511
101591,30.16,3.03,"5683 Forest Hill Ave, Cambridge, OH 43725",2024-10-02 03:44:44,liquefied natural gas,Marathon,ggefg,VFYS1NNPV0IMDM3TQ,62157666
101880,48.3782,3.38,"6576 Second pkwy, Cleveland, OH ",2024-10-02 09:41:48,LNG,Sunoco,72000,QYGJB1H2OBAK8RUIR,11131111
102478,17.81402,2.55,"5728 Clifton Court, Cincinnati, OH 45218",2024-10-02 09:21:55,biodiesel,Love's,bbccw,AQWOT26K23IUMJDWL,11168743
102640,17.5527,3.93,"5728 Clifton Court, Cincinnati, OH 45218",2024-10-02 12:47:41,liquid natural gas,Love's,bbccw,0F009TCP0PYQ0AVXU,11111121
102813,22.7692,3.85,"8785 Royal Oak pkwy, Cincinnati, OH 45251",2024-10-02 08:11:34,diesel,Flying J,22868,OF2R8BPBQW86A4H81,11118111
102962,53.74871,2.24,"8711 Lincoln Parkwy, Cambridge, OH 43725",2024-10-02 06:05:45,methanol,Flying J,13345,J6FVAM2CH4DJ0TC2D,71116111
103034,25.67,2.31,"43211 OH,  Columbus, 8133 Lindenwood Parkway, ",2024-10-02 12:44:45,diesel,Marathon,eeege,5L3KMNV4BKQBP6Z1M,16353176
103220,32.4266,3.60,"1617 MountainCrest Str, Circleville, OH ",2024-10-02 08:20:54,diesel,Marathon,fegeg,W7IV7RB3MTJCOG234,11241161
103609,40.6605,2.13,"536 Nagel Court, Cincinnati, OH 45222",2024-10-02 05:19:13,lng,Sunoco,82010,FII17EWT3Q3AWOEFC,11131281
103718,36.505,2.81,"6489 Clifton Road, Tipp City, OH 45371",2024-10-02 06:19:06,liquefied natural gas,Marathon,ffeee,8QFDE15NCEQ8FGZAS,27611331
103957,14.4579,2.50,"4544 Second Ave, Circleville, OH ",2024-10-02 04:52:07,propane,Love's,bbcck,64TJIPURNTDT0Y9JH,18711111
104215,37.34,2.82,"6807 Third Road, Zanesville, OH 43702",2024-10-02 03:44:18,methanol,Love's,ccckc,NX4006D9WATFB60DS,12141111
104351,13.94777,3.19,"7552 Daylight Court, Dayton, OH 45439",2024-10-02 05:13:33,lng,Speedway,yuwa,VFF6HKGYWLXD9HXVB,51821111
104883,43.27,3.06,"113 Nordyke Parkwy, Cleveland, OH ",2024-10-02 06:39:29,biodiesel,Love's,bcdcc,A8OT6FLSLZ1S4RJ0T,71631111
105367,28.309,3.42,"4192 Spooner Avenue, Zanesville, OH 43702",2024-10-02 12:46:06,lng,Bucky's,dxyyw,KP3VA5LJ7U8JX9VRW,18116112
106228,9.45331,4.08,"8585 Loreli Parkway, Tipp City, OH 45371",2024-10-02 04:41:01,lng,WalMart,dddid,00B2UYQSRZ12JDGD9,11117211
106259,18.88908,3.34,"8566 Stonehill Parkway, Clifton, OH ",2024-10-02 09:58:24,propane,Sunoco,17100,7Y4RIG2NY7O8XDU2B,25622381
106630,16.49,3.01,"3932 Kellogg Street, Zanesville, OH 43701",2024-10-02 05:33:42,gas,Love's,bcdlc,CP7A8MSHLNKHYABXN,11112611
107020,36.13163,3.89,"1828 Spooner Street, Dayton, OH 45415",2024-10-02 08:11:31,propane,Flying J,12748,5JCS877Z9DTG6YOCO,12545662
107528,23.441,3.83,"3318 Beech Parkway, Williamsburg, OH ",2024-10-02 06:37:20,gas,WalMart,demem,NUN75XHXPAD3UHQXE,46521348
107600,25.04,2.50,"6060 Forest Hill Ave, Cambridge, OH 43725",2024-10-02 06:56:33,biodiesel,WalMart,dgllk,Y5JTGV4FK30M9OURN,21567182
107860,18.9491,2.49,"1890 MountainCrest Street, Batavia, OH ",2024-10-02 09:44:48,propane,Bucky's,awxww,ZYA2IOZYDS4QGJA9G,67134181
107906,42.73,2.91,"3089 Clifton Parkway, Cleveland, OH ",2024-10-02 03:44:44,biodiesel,Speedway,naal,VFYS1NNPV0IMDM3TQ,62157666
108041,43.89,2.89,"3780 Forest Crest Street, Zanesville, OH 43701",2024-10-02 10:28:56,kerosene,Speedway,aaga,869EB8UU72JNV56SX,48142222
108083,6.772,3.73,"2110 Kellogg St, Batavia, OH ",2024-10-02 03:14:56,liquid natural gas,Love's,bcccc,JO8XDKK9R1ZVL2VKM,11316111
108132,54.9515,1.96,"2926 Spring Grove St, Bethel, OH ",2024-10-02 12:30:55,ethanol,Bucky's,gxwyw,KP3VA5LJ7U8JX9VRW,18116112
108391,13.8809,2.49,"382 SR 125 Road, Lynchburg, OH ",2024-10-02 10:24:14,propane,Bucky's,fwyyy,DYEMQXZT38RZBU612,18162158
108693,41.48519,3.38,"1391 Coyote Street, Dayton, OH 45482",2024-10-02 10:31:45,propane,Bucky's,xywww,0A5SHT1QRAK1HMWMS,11511411
108957,17.346,3.66,"5554 Summit Ave, Cambridge, OH 43725",2024-10-02 06:40:20,liquified natural gas,Sunoco,12300,2RCW6LPAN0AY2574H,15584114
108991,31.94007,3.15,"5042 Lindenwood Court, Cleveland, OH ",2024-10-02 10:32:50,LNG,Love's,jbcgc,Z8JS4P8E0GWO6FGZ6,31125538
110039,40.04,2.33,"6302 Summit Avenue, Dayton, OH 45434",2024-10-02 07:30:43,biodiesel,Speedway,uaaa,FXMDQRUDALAIY7P95,23416611
110265,11.39853,3.76,"813 Stonehill pkwy, Cincinnati, OH 45273",2024-10-02 05:28:03,LNG,Bucky's,wxyww,RL163QR5DH5MKB70V,55654711
110266,16.3106,3.30,"4659 10-Mile Parkwy, Cambridge, OH 43725",2024-10-02 12:26:11,ethanol,WalMart,dmdmi,H19LIYD7AN2EXGOE2,77513754
111073,22.22,3.02,"493 Summit Avenue, Lynchburg, OH ",2024-10-02 12:27:17,liquefied natural gas,Sunoco,14311,Z5UPCBEOQFTCW8DY4,18111111
111100,46.1253,2.29,"9949 Wayfair Court, Tipp City, OH 45371",2024-10-02 08:02:20,kerosene,Bucky's,awyww,XA21J4WUPDLRXNDFL,11115131
111551,40.33,3.46,"1391 Coyote Street, Dayton, OH 45482",2024-10-02 04:20:54,liquified natural gas,Bucky's,xywww,TT29M46WXRF41DBM5,11111141
111592,35.8,2.24,"777 Daylight Parkwy, Clifton, OH ",2024-10-02 06:19:06,propane,WalMart,kddhf,8QFDE15NCEQ8FGZAS,27611331
111860,40.32732,3.32,"8944 Ludlow Lane, Williamsburg, OH ",2024-10-02 09:41:48,diesel,WalMart,gdddd,QYGJB1H2OBAK8RUIR,11131111
112153,36.6788,2.20,"8158 Ludlow Parkway, Zanesville, OH 43702",2024-10-02 10:13:20,methanol,Love's,bbcdc,JMZHD8DJ0FYZIAG0U,11151716
112256,8.397,4.03,"7511 Second Lane, Tipp City, OH 45371",2024-10-02 11:13:38,propane,Love's,vccpc,KP3VA5LJ7U8JX9VRW,18116112
112294,20.02335,3.56,"7667 Plum Parkway, Tipp City, OH 45371",2024-10-02 06:09:32,liquified natural gas,Love's,wbccc,NG2JO1Z5DTE4FAN9F,24288111
112490,44.483,3.10,"2088 Forest Creek St, Cincinnati, OH 45216",2024-10-02 04:11:54,propane,WalMart,dhkdd,UOZCYSBDR2S7Z3T9Y,22527183
112613,46.66,3.03,"7759 ForestTop Street, Cincinnati, OH 45250",2024-10-02 11:09:12,ethanol,Love's,qcdgc,0KYIWF78PELT42P13,11311374
112886,21.156,3.38,"5115 Dutch Elm Parkwy, Bethel, OH ",2024-10-02 12:06:06,LNG,Bucky's,awwxw,HL315FP22H660J1PW,18181518
113157,36.30129,3.71,"2715 South Cross St, Lynchburg, OH ",2024-10-02 06:37:56,propane,Speedway,cpra,Q07VVHBJCTEEUT86C,83157543
113165,14.836,3.54,"7007 South Cross Parkway, Franklin, OH 45005",2024-10-02 06:09:02,methanol,WalMart,dmdjd,YJB7MR5FAAWOIW5II,27117213
113443,37.06,3.85,"1932 Beechmont Lane, Williamsburg, OH ",2024-10-02 07:54:23,lng,WalMart,ddddl,QL91E48KV2HTCIVDP,11158738
113508,27.16,2.69,"3242 Oaklahoma pkwy, Bethel, OH ",2024-10-02 12:00:22,biodiesel,Love's,yccgv,W90E776F46ZDIHXJ5,13156461
113535,26.61183,3.59,"6124 Stonehill Court, Circleville, OH ",2024-10-02 08:25:48,liquified natural gas,WalMart,eeddl,YGBE3WBCG2CY3RC58,11712715
113691,9.28,2.68,"1855 Elon Str, Cincinnati, OH 45258",2024-10-02 08:52:03,lng,WalMart,ddldg,QHKS6TXT02NEN2E4Q,71111111
113769,43.05,3.44,"9397 Kellogg pkwy, Cincinnati, OH 45270",2024-10-02 04:54:47,liquefied natural gas,Bucky's,qywyw,O082F615E4A8ATJNK,31832683
114009,14.982,3.12,"8827 SummitRidge St, Franklin, OH 45005",2024-10-02 05:40:48,ethanol,WalMart,hlifd,9WR492L07GMHJLRFL,63147814
114471,20.35,2.93,"2586 Forest Court, Franklin, OH 45005",2024-10-02 11:18:20,propane,Flying J,52856,5UVGQCZ2GA6AAQW64,13117111
115014,43.0304,3.07,"4486 Oaklahoma Road, Cambridge, OH 43725",2024-10-02 07:10:09,biodiesel,WalMart,dgfgf,QIA2YNJ4ENVN9Z40I,17516111
115810,31.45,2.66,"8656 5-Mile Parkway, Franklin, OH 45005",2024-10-02 10:08:00,lng,Sunoco,42611,CZOG3VWK24ZCHQW6T,12111111
116179,43.186,2.88,"43209 OH,  Columbus, 155 Brandonmere Road, ",2024-10-02 12:11:20,gas,Bucky's,jwwwx,MRQV7BE51KHMR0FZR,33838131
117576,49.3035,3.40,"8324 Clough Court, Clifton, OH ",2024-10-02 10:36:26,kerosene,Flying J,52345,LVYR5E6XWTA2JOASW,87176551
117599,29.8901,2.39,"1522 5-Mile Road, Lynchburg, OH ",2024-10-02 11:10:56,liquefied natural gas,Love's,gcccx,CKLEXTPCRQ8COLKWM,13121111
117915,51.09717,2.64,"3481 Kemper Avenue, Circleville, OH ",2024-10-02 07:32:13,diesel,Bucky's,aywxw,SPZK1IA8BW8OHIRRF,81141111
117952,31.71,2.02,"2559 SummitRidge Road, Cambridge, OH 43725",2024-10-02 07:30:16,gas,Bucky's,awwyy,GGKUAIMF0CAQDL4K9,72715426
118104,26.44728,3.14,"43215 OH,  Columbus, 2907 SR 222 St, ",2024-10-02 09:54:58,methanol,Sunoco,42611,VKGF807SSKSYR67T3,15784811
118112,33.80425,2.59,"6280 SummitRidge Avenue, Clifton, OH ",2024-10-02 06:57:27,liquified natural gas,Flying J,62348,W7I7HDLJE238EIT78,21111115
118617,48.781,2.08,"2794 Kellogg Court, Williamsburg, OH ",2024-10-02 04:51:53,gas,Speedway,aaar,8O9UNP2Y9QH93Z331,78675718
118795,21.426,3.48,"43234 OH,  Columbus, 4572 Forest Crest Lane, ",2024-10-02 12:18:09,kerosene,Flying J,17348,CEP9I2LEDUGPPRYDG,66113173
118803,14.15,2.60,"1511 Forest Crest Parkway, Lynchburg, OH ",2024-10-02 10:04:16,methanol,Speedway,itaf,5WKZHU7377HZ9PG4G,34111171
118808,24.28168,2.49,"4384 Spooner Parkway, Batavia, OH ",2024-10-02 12:18:09,gas,Flying J,12645,CEP9I2LEDUGPPRYDG,66113173
118822,19.51,3.71,"7552 Daylight Court, Dayton, OH 45439",2024-10-02 11:41:33,gas,Speedway,yuwa,SGT5WM8EM3CUTITUF,82328117
118931,31.9341,2.13,"1379 Oak Avenue, Franklin, OH 45005",2024-10-02 08:51:30,liquefied natural gas,WalMart,kmdld,ENN4M12B4IH4OSALT,11311711
120185,13.241,2.00,"3627 8-Mile Avenue, Cleveland, OH ",2024-10-02 09:01:04,gas,WalMart,emddd,V49UKF3OOZ9YCPE0C,81118244
120405,36.85143,2.06,"3337 8-Mile St, Cincinnati, OH 45263",2024-10-02 08:11:55,LNG,Marathon,egfee,REAAVO6VU4RLFZRPU,44152875
120407,26.18,2.86,"1315 Laval Parkwy, Williamsburg, OH ",2024-10-02 11:19:07,liquified natural gas,Flying J,42386,XHOC1EAJIGZ93SVM3,11115111
120475,26.1324,3.05,"3154 SummitRidge Avenue, Zanesville, OH 43702",2024-10-02 05:05:21,liquefied natural gas,Love's,bccct,NQ0EE7575M2J7LYWM,51272681
120631,15.118,3.56,"43218 OH,  Columbus, 8509 Beechmont Parkwy, ",2024-10-02 10:12:03,biodiesel,Love's,bcdyc,RNRLTEHQ4USZ1JR7J,11121171
120687,5.69,2.71,"6729 Oaklahoma Parkway, Cambridge, OH 43725",2024-10-02 10:48:02,methanol,Flying J,17345,FFOYAC0B7J35CUZRZ,11111181
120861,43.3377,3.43,"5579 Wayfair St, Cleveland, OH ",2024-10-02 10:04:16,lng,WalMart,ddddj,5WKZHU7377HZ9PG4G,34111171
121299,44.23,2.16,"942 Fisher Road, Cambridge, OH 43725",2024-10-02 06:00:42,liquefied natural gas,Marathon,geeee,NDW424G1H4GYX1WZZ,41846223
121960,50.046,2.60,"8684 Clough Parkway, Cincinnati, OH 67231",2024-10-02 06:25:19,liquid natural gas,Love's,xcccc,YZXVER5YKXP6D00TG,11511133
122007,14.99,2.21,"9166 Dutch Elm Court, Bethel, OH ",2024-10-02 04:57:39,liquefied natural gas,Sunoco,12101,Q6FHL0YS3F02B09ON,51122111
122016,17.59,3.16,"8265 Royal Oak Str, Lynchburg, OH ",2024-10-02 12:54:10,ethanol,Sunoco,17000,AGZ7UYS2H529QCFCJ,17167711
122685,11.0713,3.12,"7883 Lindenwood Court, Cincinnati, OH 45249",2024-10-02 07:30:43,methanol,Love's,bbccg,FXMDQRUDALAIY7P95,23416611
122774,38.47,3.57,"9432 SR 125 pkwy, Cleveland, OH ",2024-10-02 07:30:16,propane,Bucky's,nxywx,GGKUAIMF0CAQDL4K9,72715426
122948,26.844,2.92,"9489 Beechmont Avenue, Williamsburg, OH ",2024-10-02 12:55:41,gas,Sunoco,12010,JBGZ1PN7JIIIRCCUO,77317226
123544,54.96088,2.63,"3286 Pretzel Str, Batavia, OH ",2024-10-02 09:53:15,liquefied natural gas,WalMart,dddld,RTCLMIMW9XOW6DNVK,21871175
123869,20.38,3.23,"6926 Nagel Avenue, Franklin, OH 45005",2024-10-02 09:21:55,lng,WalMart,dmfme,AQWOT26K23IUMJDWL,11168743
124574,26.16742,2.97,"1801 Forest Hill Street, Cincinnati, OH 45221",2024-10-02 05:05:21,liquefied natural gas,Love's,bcccu,NQ0EE7575M2J7LYWM,51272681
124621,54.31037,3.74,"8622 Daylight Parkway, Circleville, OH ",2024-10-02 11:46:36,kerosene,WalMart,djddd,UIHEK2U1P5NEFTNPG,11111131
124671,32.6759,3.72,"5349 George Ave, Williamsburg, OH ",2024-10-02 07:59:12,liquefied natural gas,Love's,bccqv,EONV0MLIQXE6JXZZE,74868111
124997,26.9,1.94,"9736 SR 222 Str, Dayton, OH 45407",2024-10-02 11:36:59,propane,Sunoco,52000,XHOC1EAJIGZ93SVM3,11115111
125199,21.97,2.99,"9632 Royal Oak pkwy, Williamsburg, OH ",2024-10-02 06:40:20,methanol,Speedway,aaia,2RCW6LPAN0AY2574H,15584114
125372,19.875,2.24,"43211 OH,  Columbus, 4992 Lincoln Avenue, ",2024-10-02 04:13:55,liquid natural gas,Marathon,egfge,1IFMJXD70L808UYSN,61171117
125579,23.91,2.28,"1801 Forest Hill Street, Cincinnati, OH 45221",2024-10-02 07:03:41,liquefied natural gas,Love's,bcccu,7UEMTBN49N83SSMB7,11151111
125924,29.83718,3.97,"4486 Oaklahoma Road, Cambridge, OH 43725",2024-10-02 10:16:31,methanol,WalMart,dgfgf,RFLPBHZDT71AP5JG6,23111217
126066,46.041,2.42,"9892 Brandonmere Avenue, Cleveland, OH ",2024-10-02 03:10:02,lng,WalMart,ddded,WNX33HDDHHVQ33OSQ,17111141
126344,22.8342,2.56,"2561 SR 125 St, Circleville, OH ",2024-10-02 10:42:13,gas,WalMart,ddddg,54ZI78N0P187WBFZK,15115135
127402,51.113,3.53,"851 Ludlow Avenue, Zanesville, OH 43702",2024-10-02 08:25:29,LNG,Love's,obccc,BXUTQNTO1845GV0LJ,52413178
127413,47.54,3.68,"7899 Forest Creek pkwy, Dayton, OH 45404",2024-10-02 03:30:12,propane,Sunoco,12801,5KA9HS2JM3NW0SB37,31112111
128153,16.8314,2.70,"255 Spring Grove Str, Cincinnati, OH 45254",2024-10-02 10:06:40,methanol,Speedway,ahaa,CO337NNFXBPKG6X0W,57165557
128260,43.996,2.90,"4818 Nagel Str, Tipp City, OH 45371",2024-10-02 06:59:56,methanol,Speedway,gaal,8YYCT5T2PN9FQ36VK,11311128
128385,32.0398,2.86,"7065 Beechmont Parkway, Cincinnati, OH 45216",2024-10-02 06:00:42,methanol,WalMart,dkekf,NDW424G1H4GYX1WZZ,41846223
128724,12.457,3.46,"1534 Nagel Parkwy, Zanesville, OH 43702",2024-10-02 06:37:56,gas,Speedway,onaa,Q07VVHBJCTEEUT86C,83157543
129027,20.706,3.38,"9593 Lincoln pkwy, Cleveland, OH ",2024-10-02 11:40:03,diesel,Speedway,ysak,8WF7W0CWCYVZ98KY4,51111113
129235,22.69,4.01,"3089 Clifton Parkway, Cleveland, OH ",2024-10-02 10:57:33,kerosene,Speedway,naal,TAPNAQXRQEBYG1ZQ3,71111111
129879,6.0847,2.71,"5052 SR 125 Ave, Williamsburg, OH ",2024-10-02 05:46:51,LNG,Bucky's,wwwww,PQV0SVINTL6ZTT21A,11116115
130028,41.342,3.30,"1511 Forest Crest Parkway, Lynchburg, OH ",2024-10-02 07:02:03,gas,Speedway,itaf,KVNG1R8L7P7V4R221,11511162
130462,35.5524,4.08,"4659 10-Mile Parkwy, Cambridge, OH 43725",2024-10-02 08:22:27,lng,WalMart,dmdmi,PZVMI6U18R22B5C1C,11111114
131065,48.9659,2.97,"8158 Ludlow Parkway, Zanesville, OH 43702",2024-10-02 05:00:54,diesel,Love's,bbcdc,BWK97XR4AP11SUNUG,32668218
131417,23.5149,2.77,"5638 Miller Road, Tipp City, OH 45371",2024-10-02 09:20:41,LNG,WalMart,diikj,JMZHD8DJ0FYZIAG0U,11151716
131590,27.9456,3.28,"9665 5-Mile Str, Cincinnati, OH 45207",2024-10-02 08:25:19,ethanol,Marathon,geggf,0F4D2OH2TRW331L0I,11146127
132187,11.07,2.82,"7219 Sunrise Parkwy, Bethel, OH ",2024-10-02 10:13:20,gas,Sunoco,15000,JMZHD8DJ0FYZIAG0U,11151716
132614,29.67864,3.13,"9259 Beechmont Lane, Cleveland, OH ",2024-10-02 08:28:54,gas,Flying J,12347,RDHQIFXZMQVL0NZK7,12411454
133046,40.2524,3.00,"2779 Forest Crest St, Bethel, OH ",2024-10-02 11:40:03,liquefied natural gas,Marathon,efefg,8WF7W0CWCYVZ98KY4,51111113
133344,10.653,3.50,"8608 8-Mile Parkwy, Lynchburg, OH ",2024-10-02 12:14:08,lng,Love's,qccqk,RGDEBTJ54QMWRJHAG,63783881
133835,30.73,2.51,"6489 Clifton Road, Tipp City, OH 45371",2024-10-02 04:14:26,gas,Marathon,ffeee,WGQWLUH5GLLJ5YQPO,34211138
133864,5.5491,3.85,"9443 Main Court, Cincinnati, OH 45268",2024-10-02 03:30:30,diesel,Love's,wccnc,01TE2Z5B9A93T5Q9W,42868511
134040,29.8518,3.15,"457 SummitRidge Road, Cincinnati, OH 45202",2024-10-02 08:25:48,biodiesel,WalMart,jdddd,YGBE3WBCG2CY3RC58,11712715
134392,44.35,1.94,"1017 Nordyke Court, Franklin, OH 45005",2024-10-02 05:19:30,liquefied natural gas,WalMart,gdddg,1H5G1KDSK8XHSR9Z9,31211111
134626,30.029,3.10,"1954 Spring Grove pkwy, Williamsburg, OH ",2024-10-02 07:02:50,liquified natural gas,Speedway,cwaa,4F3TNEITNTUNWP6EE,46621321
135163,14.76522,3.40,"9378 Laval Ave, Zanesville, OH 43701",2024-10-02 03:12:46,biodiesel,Flying J,32365,RNRLTEHQ4USZ1JR7J,11121171
136043,25.817,2.08,"6032 Plum Parkwy, Lynchburg, OH ",2024-10-02 03:28:57,kerosene,Love's,xbcwc,900HZ8CECPSJHMQ6V,34113111
136355,50.5609,4.06,"2310 MountainCrest St, Batavia, OH ",2024-10-02 03:28:48,diesel,Speedway,ahaa,5K07KL96VTJ3NRQ5J,51487845
136641,51.47,3.80,"9925 Elon Parkway, Franklin, OH 45005",2024-10-02 10:42:13,LNG,Flying J,76848,54ZI78N0P187WBFZK,15115135
136831,36.09,3.10,"1016 Linderwood Avenue, Cambridge, OH 43725",2024-10-02 12:17:01,liquid natural gas,Sunoco,44201,V7TQVGRN15K7Z7GFL,28286611
136959,50.00665,2.16,"2804 Clifton pkwy, Batavia, OH ",2024-10-02 03:44:03,LNG,WalMart,dlgll,NG2JO1Z5DTE4FAN9F,24288111
137776,12.1894,2.27,"952 Clough Parkway, Tipp City, OH 45371",2024-10-02 08:17:01,liquified natural gas,Love's,hcdcd,OC209GALS9A9XW36C,11711111
137962,45.92,3.28,"5728 Clifton Court, Cincinnati, OH 45218",2024-10-02 04:51:53,diesel,Love's,bbccw,8O9UNP2Y9QH93Z331,78675718
138291,24.41,3.44,"5337 Lindenwood St, Zanesville, OH 43702",2024-10-02 08:25:29,liquefied natural gas,WalMart,ehmdd,BXUTQNTO1845GV0LJ,52413178
138761,15.16041,2.58,"9504 Oaklahoma pkwy, Williamsburg, OH ",2024-10-02 07:09:36,LNG,Speedway,qpda,UDUKHSAUAQ4I0B41K,15325151
139378,7.942,3.64,"5773 Royal Oak Street, Tipp City, OH 45371",2024-10-02 05:58:47,lng,Marathon,fffeg,266AM2ZFZUKL98A3S,51436141
140173,40.3589,2.20,"6302 Loreli Parkwy, Dayton, OH 45448",2024-10-02 04:58:07,LNG,WalMart,dddeg,55IEC2VLSDBPNCXEB,13542144
140295,12.15,2.10,"8021 Lincoln Ave, Williamsburg, OH ",2024-10-02 04:16:25,diesel,Flying J,12346,BG2TCJD6TT1667ZZX,82115163
140384,37.8629,2.06,"4387 Pennsylvania Parkwy, Zanesville, OH 43701",2024-10-02 10:57:33,lng,Bucky's,mwyyw,TAPNAQXRQEBYG1ZQ3,71111111
140615,54.29756,4.02,"3286 Pretzel Str, Batavia, OH ",2024-10-02 08:34:24,gas,WalMart,dddld,PQQ10ZGCWGTYF8DY6,11867171
140682,54.3957,2.78,"3014 Forest Creek Str, Zanesville, OH 43702",2024-10-02 03:27:36,ethanol,WalMart,fddfl,5QNNTTIGC0XECBSZA,71111111
140884,43.00435,2.64,"5229 Forest Creek Road, Dayton, OH 45431",2024-10-02 08:32:40,lng,Bucky's,ayxxw,AGZ7UYS2H529QCFCJ,17167711
141466,31.61252,3.41,"6670 Plum Street, Cambridge, OH 43725",2024-10-02 06:39:29,liquid natural gas,Flying J,12685,A8OT6FLSLZ1S4RJ0T,71631111
141668,40.362,1.99,"2231 South Cross Road, Dayton, OH 45430",2024-10-02 06:18:53,liquid natural gas,WalMart,gdljl,0F009TCP0PYQ0AVXU,11111121
142684,29.8596,3.66,"3753 Daylight Parkway, Circleville, OH ",2024-10-02 03:46:47,liquefied natural gas,WalMart,idjjk,Q1F3L5V8DRWJL1216,11144445
143005,16.71,3.21,"6475 Clifton pkwy, Zanesville, OH 43702",2024-10-02 03:42:51,lng,Marathon,eefgf,8UGLN3A7XFHFQTXQX,14185114
143266,20.88,3.26,"9837 Fisher Ave, Batavia, OH ",2024-10-02 11:16:19,diesel,Bucky's,awwwy,L33QX2VDKG77WLFGS,36163181
143272,28.19,2.53,"706 Brandonmere Parkway, Dayton, OH 45429",2024-10-02 10:11:08,propane,Marathon,fgeff,TWN5QXB2A681TA05X,26831877
